Name,Comment,Time,Likes,Reply Count,Reply Author,Reply,Published,Updated
Movies On The Road,Those who make peaceful revolution impossible will make violent revolution inevitable,2021-01-28T17:02:58Z,0,0,,,,
Rajat Sharma,"Story of Punjab: 1960s, food crisis in India. GoI decides to invest in technology. Farmers were given GM seeds, free electricity, subsidized fertilizers and assurance to buy at MSP. All these people had to do is sow seeds and enjoy money. Till now, lakhs of crores of rupees and given to these 2 States, from our tax money, and what they do with this???<br>Send there kids to Canada to clean toilets, wash dishes and drive cabs. But do they use rupees? No dollars, which come from IT companies working tirelessly to gain from out source of services. So they are looting us twice and now the desecration of our flag. How much should we endure?",2021-01-28T12:22:55Z,0,0,,,,
AQUIB HYAAT,"Transfer the capital of India to Kolkata in order to make peace in our country. Because Delhi is a very uncivilised place, which has also caused political and social turmoil since the beginning of century.",2021-01-28T11:41:03Z,0,0,,,,
Arpita Buragohain,Please convey a proper news.... You guys have lost your morality..... Worst reporting,2021-01-28T06:11:23Z,0,0,,,,
Gangu,‡≤à‡≤ó‡≥Ä‡≤® ‡≤ï‡≥á‡≤Ç‡≤¶‡≥ç‡≤∞‡≤¶‡≤≤‡≥ç‡≤≤‡≤ø‡≤∞‡≥Å‡≤µ  ‡≤¨‡≤ø ‡≤ú‡≥Ü ‡≤™‡≤ø ‡≤∏‡≤∞‡≤ï‡≤æ‡≤∞‡≤¶ ‡≤é‡≤Æ‡≥ç‡≤Æ‡≥Ü ‡≤ö‡≤∞‡≥ç‡≤Æ‡≤¶ ‡≤™‡≥ç‡≤∞‡≤Æ‡≥Å‡≤ñ ‡≤¶‡≥Å‡≤∞‡≤æ‡≤°‡≤≥‡≤ø‡≤§‡≤ó‡≤æ‡≤∞ ‡≤Æ‡≥ã‡≤¶‡≤ø‡≤ó‡≥Ü ‡≤Ø‡≤æ‡≤ï‡≥Ü ‡≤¶‡≥á‡≤∂‡≤¶‡≤≤‡≥ç‡≤≤‡≤ø‡≤® ‡≤∞‡≥à‡≤§‡≤∞ ‡≤§‡≥Ä‡≤µ‡≥ç‡≤∞ ‡≤π‡≥ã‡≤∞‡≤æ‡≤ü ‡≤ï‡≤æ‡≤£‡≤ø‡≤∏‡≥Å‡≤§‡≥ç‡≤§‡≤ø‡≤≤‡≥ç‡≤≤‡≤µ‡≥á ...‡≤∏‡≤Ç‡≤µ‡≥á‡≤¶‡≤®‡≤æ ‡≤∂‡≥Ä‡≤≤‡≤§‡≥Ü‡≤Ø‡≤®‡≥ç‡≤®‡≥Å ‡≤ï‡≤≥‡≥Ü‡≤¶‡≥Å‡≤ï‡≥ä‡≤Ç‡≤°‡≤ø‡≤∞‡≥Å‡≤µ ‡≤Ö‡≤®‡≥à‡≤§‡≤ø‡≤ï‡≤§‡≥Ü‡≤Ø ‡≤Ü‡≤ó‡≤∞‡≤µ‡≥á ‡≤à ‡≤Æ‡≥ã‡≤¶‡≤ø‡≤ó‡≥Ü ...‡≤à ‡≤Æ‡≥ã‡≤¶‡≤ø‡≤Ø ‡≤∏‡≤π‡≥ã‡≤¶‡≥ç‡≤Ø‡≥ã‡≤ó‡≤ø ‡≤ï‡≥É‡≤∑‡≤ø ‡≤∏‡≤ö‡≤ø‡≤µ ‡≤≤‡≥ã‡≤´‡≤∞‡≥ç ‡≤§‡≥ã‡≤Æ‡≤∞‡≥ç ‡≤é‡≤Ç‡≤¨‡≥Å‡≤µ‡≤®‡≥Å ‡≤π‡≥á‡≤≥‡≥Å‡≤§‡≥ç‡≤§‡≤æ‡≤®‡≥Ü ‡≤ï‡≥É‡≤∑‡≤ø ‡≤ï‡≤æ‡≤Ø‡≥ç‡≤¶‡≥Ü‡≤ó‡≤≥‡≤®‡≥ç‡≤®‡≤æ ‡≤í‡≤Ç‡≤¶‡≥Ç‡≤µ‡≤∞‡≥Ü ‡≤µ‡≤∞‡≥ç‡≤∑ ‡≤ú‡≤æ‡≤∞‡≤ø‡≤ó‡≥Ü ‡≤§‡≤∞‡≤¶‡≥á ‡≤Ö‡≤Æ‡≤æ‡≤®‡≤§‡≥ç‡≤§‡≤ø‡≤®‡≤≤‡≥ç‡≤≤‡≤ø‡≤°‡≥Å‡≤µ‡≥Å‡≤¶‡≥á ‡≤∞‡≥à‡≤§‡≤∞‡≤ø‡≤ó‡≥Ü ‡≤ï‡≥ä‡≤°‡≥Å‡≤§‡≥ç‡≤§‡≤ø‡≤∞‡≥Å‡≤µ ‡≤¶‡≥ä‡≤°‡≥ç‡≤° ‡≤ä‡≤°‡≥Å‡≤ó‡≤∞‡≥á ‡≤é‡≤Ç‡≤¶‡≥Ç ‡≤π‡≥á‡≤≥‡≤ø‡≤ï‡≥Ü ‡≤®‡≥Ä‡≤°‡≥Å‡≤§‡≥ç‡≤§‡≤æ‡≤®‡≥Ü ..‡≤Æ‡≤§‡≥ç‡≤§‡≥ä‡≤¨‡≥ç‡≤¨ ‡≤ï‡≤∞‡≥ç‡≤®‡≤æ‡≤ü‡≤ï‡≤¶ ‡≤Ü‡≤µ‡≤ø‡≤µ‡≥á‡≤ï‡≤ø   ‡≤¨‡≤ø ‡≤ú‡≥Ü ‡≤™‡≤ø  ‡≤∏‡≤ö‡≤ø‡≤µ ‡≤ú‡≤ó‡≤§‡≥ç‡≤§‡≥Å ‡≤ï‡≤ø‡≤≤‡≤æ‡≤°‡≤ø ‡≤∂‡≥Ü‡≤ü‡≥ç‡≤ü‡≤ø ‡≤π‡≥á‡≤≥‡≥Å‡≤§‡≥ç‡≤§‡≤æ‡≤∞‡≥Ü ‡≤é ‡≤™‡≤ø ‡≤é‡≤Ç ‡≤∏‡≤ø ‡≤Æ‡≤æ‡≤∞‡≥Å‡≤ï‡≤ü‡≥ç‡≤ü‡≥Ü‡≤ó‡≤≥‡≤®‡≥ç‡≤®‡≥á ‡≤∞‡≤¶‡≥ç‡≤¶‡≥Å ‡≤Æ‡≤æ‡≤°‡≤≤‡≤æ‡≤ó‡≥Å‡≤µ‡≥Å‡≤¶‡≥Ü‡≤Ç‡≤¶‡≥Ç ...‡≤í‡≤ü‡≥ç‡≤ü‡≤æ‡≤∞‡≥Ü ‡≤¨‡≤ø ‡≤ú‡≥Ü ‡≤™‡≤ø ‡≤Ø ‡≤µ‡≤ø‡≤∞‡≥Å‡≤¶‡≥ç‡≤¶ ‡≤Ö‡≤•‡≤µ‡≤æ ‡≤∏‡≤∞‡≤ï‡≤æ‡≤∞‡≤¶ ‡≤µ‡≤ø‡≤∞‡≥Å‡≤¶‡≥ç‡≤¶ ‡≤Æ‡≤æ‡≤§‡≤æ‡≤®‡≤æ‡≤°‡≥Å‡≤µ ‡≤∞‡≥à‡≤§‡≤®‡≤æ‡≤ó‡≤≤‡≤ø ‡≤∏‡≤æ‡≤Æ‡≤æ‡≤®‡≥ç‡≤Ø ‡≤®‡≤æ‡≤ó‡≤∞‡≥Ä‡≤ï‡≤®‡≤æ‡≤ó‡≤≤‡≤ø ‡≤¨‡≤ø ‡≤ú‡≥Ü ‡≤™‡≤ø ‡≤™‡≤ï‡≥ç‡≤∑‡≤¶‡≤µ‡≤∞‡≤ø‡≤Ç‡≤¶ ‡≤¶‡≥á‡≤∂ ‡≤¶‡≥ç‡≤∞‡≥ã‡≤π‡≤ø‡≤ó‡≤≥‡≥Ü‡≤Ç‡≤¨ ‡≤Ö‡≤•‡≤µ‡≤æ ‡≤â‡≤ó‡≥ç‡≤∞‡≤µ‡≤æ‡≤¶‡≤ø‡≤ó‡≤≥‡≥Å ‡≤é‡≤Ç‡≤¨ ‡≤π‡≤£‡≥Ü‡≤™‡≤ü‡≥ç‡≤ü‡≤ø ‡≤∏‡≤ø‡≤¶‡≥ç‡≤¶‡≤µ‡≤æ‡≤ó‡≤ø‡≤∞‡≥Å‡≤§‡≥ç‡≤§‡≤¶‡≥Ü ...‡≤Æ‡≥ã‡≤¶‡≤ø‡≤Ø‡≤µ‡≤∞‡≥á ‡≤à ‡≤¶‡≥á‡≤∂‡≤¶ ‡≤∞‡≥à‡≤§‡≤∞‡≤®‡≥ç‡≤®‡≥Ç ‡≤§‡≤°‡≥Ü‡≤Ø‡≥Å‡≤µ ‡≤Ø‡≤æ‡≤µ‡≥Å‡≤¶‡≥á ‡≤∂‡≤ï‡≥ç‡≤§‡≤ø‡≤Ø‡≥Å ‡≤á‡≤®‡≥ç‡≤®‡≥Ç ‡≤π‡≥Å‡≤ü‡≥ç‡≤ü‡≤ø‡≤ï‡≥ä‡≤Ç‡≤°‡≤ø‡≤≤‡≥ç‡≤≤ ‡≤Ö‡≤¶‡≥Å ‡≤∏‡≤æ‡≤Ç‡≤µ‡≤ø‡≤ß‡≤æ‡≤®‡≤ø‡≤ï ‡≤∏‡≤Ç‡≤∏‡≥ç‡≤•‡≥Ü‡≤ó‡≤≥‡≤æ‡≤ó‡≤≤‡≥Ä ‡≤Ö‡≤•‡≤µ‡≤æ ‡≤∏‡≤æ‡≤Ç‡≤µ‡≤ø‡≤ß‡≤æ‡≤®‡≤ø‡≤ï ‡≤Ö‡≤Ç‡≤ó‡≤ó‡≤≥‡≤æ‡≤ó‡≤≤‡≤ø ‡≤∞‡≥à‡≤§‡≤∞‡≤ø‡≤ó‡≥Ü ‡≤§‡≤≤‡≥Ü‡≤¨‡≤æ‡≤ó‡≤≤‡≥á‡≤¨‡≥á‡≤ï‡≥Å ...‡≤Æ‡≥ã‡≤¶‡≤ø‡≤ú‡≥Ä ‡≤®‡≤ø‡≤Æ‡≥ç‡≤Æ 56 ‡≤á‡≤Ç‡≤ö‡≤ø‡≤® ‡≤¶‡≤™‡≥ç‡≤™ ‡≤é‡≤Æ‡≥ç‡≤Æ‡≥Ü ‡≤ö‡≤∞‡≥ç‡≤Æ‡≤µ‡≤®‡≥ç‡≤®‡≥Å ‡≤ö‡≥Ü‡≤®‡≥ç‡≤®‡≤æ‡≤ó‡≤ø ‡≤π‡≤¶ ‡≤Æ‡≤æ‡≤°‡≥Å‡≤µ‡≥Å‡≤¶‡≥Å ‡≤®‡≤Æ‡≥ç‡≤Æ ‡≤¶‡≥á‡≤∂‡≤¶ ‡≤∞‡≥à‡≤§‡≤∞‡≤ø‡≤ó‡≥Ü ‡≤ó‡≥ä‡≤§‡≥ç‡≤§‡≤ø‡≤¶‡≥Ü. ‡≤é‡≤ö‡≥ç‡≤ö‡≤∞  ‡≤é‡≤ö‡≥ç‡≤ö‡≤∞ ‡≤é‡≤ö‡≥ç‡≤ö‡≤∞ ‡≤Æ‡≥ã‡≤¶‡≤ø‡≤ú‡≤ø!!!!‡≤ï‡≥Ç‡≤°‡≤≤‡≥á ‡≤®‡≤ø‡≤Æ‡≥ç‡≤Æ ‡≤¨‡≥Ü‡≤∞‡≤≥‡≥Ü‡≤£‡≤ø‡≤ï‡≥Ü ‡≤â‡≤¶‡≥ç‡≤Ø‡≤Æ‡≤ø ‡≤∏‡≥ç‡≤®‡≥á‡≤π‡≤ø‡≤§‡≤∞‡≤ø‡≤ó‡≤æ‡≤ó‡≤ø  ‡≤ú‡≤æ‡≤∞‡≤ø‡≤ó‡≥Ü ‡≤§‡≤Ç‡≤¶‡≤ø‡≤∞‡≥Å‡≤µ ‡≤∞‡≥à‡≤§ ‡≤µ‡≤ø‡≤∞‡≥ã‡≤ß‡≤ø ‡≤ï‡≥É‡≤∑‡≤ø ‡≤ï‡≤æ‡≤Ø‡≥ç‡≤¶‡≥Ü‡≤ó‡≤≥‡≤®‡≥ç‡≤®‡≤æ ‡≤π‡≤ø‡≤Ç‡≤™‡≤°‡≥Ü‡≤Ø‡≤≤‡≥á ‡≤¨‡≥á‡≤ï‡≥Å ‡≤á‡≤≤‡≥ç‡≤≤‡≤¶‡≥Ü ‡≤π‡≥ã‡≤¶‡≤∞‡≥Ü ‡≤∞‡≥à‡≤§‡≤∞‡≥Å ‡≤§‡≤æ‡≤∞‡≥ç‡≤ï‡≤ø‡≤ï ‡≤Ö‡≤Ç‡≤§‡≥ç‡≤Ø‡≤µ‡≤®‡≥ç‡≤®‡≥Å ‡≤π‡≤æ‡≤°‡≤≤‡≥Å ‡≤®‡≤ø‡≤Æ‡≥ç‡≤Æ ‡≤Ö‡≤ß‡≤ø‡≤ï‡≤æ‡≤∞‡≤¶ ‡≤Ö‡≤ß‡≤™‡≤§‡≤®‡≤ï‡≥ç‡≤ï‡≥Ü ‡≤ï‡≥ä‡≤Ç‡≤°‡≤æ‡≤Ø‡≥ç‡≤Ø‡≤≤‡≥ç‡≤≤‡≤ø‡≤¶‡≥ç‡≤¶‡≤æ‡≤∞‡≥Ü ...,2021-01-27T18:10:30Z,0,0,,,,
Mr. Black Hat,Reality is that they are not farmers they gangsters ü§£,2021-01-27T10:00:33Z,0,0,,,,
"Youtube Scop2,0",‡§∏‡§¨ ‡§≤‡•ã‡§ó ‡§ï‡§ø‡§∏‡§æ‡§® ‡§ï‡•ã ‡§π‡•Ä victin ‡§¨‡§®‡§æ ‡§∞‡§π‡•á ‡§π‡•à ‡§¶‡•ã ‡§Æ‡§π‡•Ä‡§®‡•á ‡§∏‡•á ‡§∏‡§¨ ‡§ö‡§≤ ‡§∞‡§π‡§æ ‡§π‡•à ‡§∏‡§¨ ‡§¶‡•á‡§ñ ‡§∞‡§π‡•á ‡§π‡•ã‡•§ ‡§∏‡§∞‡§ï‡§æ‡§∞ ‡§ï‡•ç‡§Ø‡•Ç‡§Å ‡§∏‡•ã ‡§∞‡§π‡•Ä ‡§•‡•Ä ‡§Æ‡•Å‡§ù‡•á ‡§™‡•â‡§≤‡§ø‡§ü‡§ø‡§ï‡•ç‡§∏ ‡§∏‡•á ‡§á‡§∏‡•Ä‡§≤‡§ø‡§è ‡§®‡§´‡§∞‡§§ ‡§π‡•à‡•§ ‡§ú‡§¨ ‡§á‡§®‡•ç‡§π‡•á‡§Ç ‡§™‡§§‡§æ ‡§•‡§æ ‡§ï‡•ã‡§∞‡•ã‡§®‡§æ ‡§™‡•á‡§Ç‡§°‡§Æ‡§ø‡§ï ‡§π‡•à ‡§§‡•ã ‡§Ø‡•á ‡§á‡§∏‡•Ä ‡§∏‡§Æ‡§Ø ‡§¨‡§ø‡§≤ ‡§ö‡•Å‡§™‡§ï‡•á ‡§∏‡•á ‡§≤‡§æ‡§®‡§æ ‡§ú‡§∞‡•Ç‡§∞‡•Ä ‡§•‡§æ‡•§ ‡§Ü‡§∞‡§æ‡§Æ ‡§∏‡•á ‡§∏‡§≠‡•Ä ‡§§‡§•‡•ç‡§Ø‡•ã‡§Ç ‡§™‡•á ‡§≤‡•ã‡§ï‡§∏‡§≠‡§æ ‡§î‡§∞ ‡§∞‡§æ‡§ú‡•ç‡§Ø‡§∏‡§≠‡§æ ‡§Æ‡•á‡§Ç ‡§¨‡§π‡§∏ ‡§ï‡§∞‡§§‡•á ‡§∏‡§æ‡§∞‡•á ‡§ï‡§ø‡§∏‡§æ‡§® ‡§Ø‡•Ç‡§®‡§ø‡§Ø‡§® ‡§∏‡•á ‡§∞‡§æ‡§Ø ‡§≤‡•á‡§§‡•á ‡§á‡§®‡•ç‡§π‡•á‡§Ç ‡§á‡§§‡§®‡•Ä ‡§ú‡§≤‡•ç‡§¶‡•Ä ‡§ï‡§ø‡§∏ ‡§¨‡§æ‡§§ ‡§ï‡•Ä ‡§™‡§°‡§º‡•Ä ‡§π‡•à ‡§¨‡§ø‡§≤ ‡§ï‡§ø‡§∏‡§æ‡§®‡•ã‡§Ç ‡§™‡§∞ ‡§•‡•ã‡§™‡§®‡•á ‡§ï‡•Ä‡•§‡•§‡§Ö‡§ó‡§∞ ‡§ï‡§ø‡§∏‡§æ‡§®‡•ã‡§Ç ‡§ï‡•á ‡§≤‡§ø‡§è ‡§¨‡§ø‡§≤ ‡§π‡•à ‡§§‡•ã ‡§ï‡§ø‡§∏‡§æ‡§®‡•ã‡§Ç ‡§ï‡•Ä ‡§∞‡§æ‡§Ø ‡§≤‡•á‡§®‡•Ä ‡§ö‡§æ‡§π‡§ø‡§è ‡§Ø‡•á ‡§∏‡§¨ ‡§ú‡•ã ‡§Ü‡§ú ‡§π‡•Å‡§Ü ‡§á‡§∏‡§Æ‡•á‡§Ç ‡§∏‡§∞‡§ï‡§æ‡§∞ ‡§ï‡•Ä ‡§ó‡§≤‡§§‡•Ä ‡§π‡•à ‡§Ö‡§ó‡§∞ ‡§∏‡§∞‡§ï‡§æ‡§∞ ‡§¶‡•ã‡§®‡•ã ‡§∏‡§¶‡§®‡•ã‡§Ç ‡§Æ‡•á‡§Ç ‡§™‡§π‡§≤‡•á ‡§¨‡§π‡§∏ ‡§ï‡§∞ ‡§≤‡•á‡§§‡•Ä ‡§§‡•ã ‡§Ü‡§ú ‡§Ø‡•á ‡§¶‡•Å‡§ñ‡§§ ‡§ò‡§ü‡§®‡§æ ‡§®‡§æ ‡§π‡•ã‡§§‡•Ä ‡§á‡§®‡•ç‡§π‡•á‡§Ç ‡§§‡•ã ‡§® ‡§ú‡§æ‡§®‡•á ‡§ï‡§ø‡§∏ ‡§¨‡§æ‡§§ ‡§ï‡•Ä ‡§ú‡§≤‡•ç‡§¶‡•Ä ‡§Æ‡§ö‡•Ä ‡§π‡•à ‡§Æ‡•à‡§Ç ‡§ï‡§≠‡•Ä ‡§ï‡§ø‡§∏‡•Ä ‡§≠‡•Ä ‡§Æ‡•Å‡§¶‡•ç‡§¶‡•á ‡§™‡§∞ ‡§∞‡§ø‡§è‡§ï‡•ç‡§ü ‡§®‡§π‡•Ä ‡§ï‡§∞‡§§‡§æ ‡§π‡•Ç‡§Ç ‡§≤‡•á‡§ï‡§ø‡§® ‡§Ø‡•á ‡§π‡§Æ‡§æ‡§∞‡•á ‡§ï‡§ø‡§∏‡§æ‡§® ‡§π‡•à ‡§ú‡•ã ‡§Ö‡§®‡•ç‡§® ‡§π‡§Æ ‡§∞‡•ã‡§ú ‡§ñ‡§æ‡§§‡•á ‡§π‡•à ‡§µ‡•ã ‡§ï‡§ø‡§∏‡•Ä ‡§®‡§ï‡§ø‡§∏‡•Ä ‡§ï‡§ø‡§∏‡§æ‡§® ‡§ï‡•á ‡§ñ‡•á‡§§ ‡§ï‡§æ ‡§π‡•à ‡§Ö‡§ó‡§∞ ‡§ï‡§π‡•Ä ‡§è‡§ï ‡§¶‡§ø‡§® ‡§ê‡§∏‡§æ ‡§®‡§æ ‡§π‡•ã ‡§è‡§ï ‡§ó‡§∞‡•Ä‡§¨ ‡§Ü‡§¶‡§Æ‡•Ä ‡§Ö‡§®‡§æ‡§ú ‡§ï‡•á ‡§è‡§ï ‡§¶‡§æ‡§®‡•á ‡§ï‡•á ‡§≤‡§ø‡§è ‡§§‡§∞‡§∏ ‡§ú‡§æ‡§è ‡§µ‡•à‡§∏‡•á ‡§≠‡•Ä ‡§π‡§Æ global hunger index (94/107) ‡§Æ‡•á‡§Ç ‡§π‡§Æ ‡§¨‡§π‡•Å‡§§ ‡§Ö‡§ö‡•ç‡§õ‡•á ‡§™‡•ã‡§ú‡•Ä‡§∂‡§® ‡§™‡•á ‡§π‡•à ‡§ï‡•ç‡§Ø‡§æ ‡§∏‡§ø‡§∞‡•ç‡§´ ‡§π‡§Æ‡§≤‡•ã‡§ó ‡§Ö‡§™‡§®‡•á ‡§¨‡§æ‡§∞‡•á ‡§Æ‡•á‡§Ç ‡§π‡•Ä ‡§∏‡•ã‡§ö‡•á‡§Ç‡§ó‡•á ‡§Ø‡§æ ‡§ó‡§∞‡•Ä‡§¨ ‡§∏‡§ø‡§∞‡•ç‡§´ ‡§ñ‡§æ‡§®‡•á ‡§ï‡•á ‡§≤‡§ø‡§è ‡§π‡•Ä ‡§ú‡•Ä‡§§‡§æ ‡§π‡•à ‡§ï‡•ç‡§Ø‡§æ ‡§Ö‡§¨ ‡§â‡§∏‡•á ‡§Ø‡•á ‡§≠‡•Ä ‡§®‡§π‡•Ä ‡§®‡§∏‡•Ä‡§¨ ‡§π‡•ã‡§ó‡§æ ‡§ï‡•ç‡§Ø‡§æ ‡§∏‡§ø‡§∞‡•ç‡§´‡§º ‡§™‡•à‡§∏‡•á ‡§µ‡§æ‡§≤‡•ã ‡§ï‡•á ‡§¨‡§æ‡§∞‡•á ‡§Æ‡•á‡§Ç ‡§∏‡§¨ ‡§∏‡•ã‡§ö‡§§‡•á ‡§π‡•à ‡§Ö‡§∞‡•á ‡§ú‡§ø‡§∏ ‡§¶‡§ø‡§® ‡§Ö‡§®‡§æ‡§ú ‡§™‡§∞ ‡§≠‡•Ä ‡§è‡§Æ‡§Ü‡§∞‡§™‡•Ä ‡§ï‡§æ ‡§ü‡•à‡§ó ‡§≤‡§ó ‡§ó‡§Ø‡§æ ‡§®‡§æ ‡§§‡•ã ‡§∏‡§Æ‡§ù ‡§≤‡•á‡§®‡§æ ‡§Ö‡§®‡§æ‡§ú ‡§≠‡•Ä ‡§∏‡§ø‡§∞‡•ç‡§´‡§º ‡§Ö‡§Æ‡•Ä‡§∞‡•ã ‡§§‡§ï ‡§π‡•Ä ‡§™‡§π‡•Å‡§Å‡§ö ‡§™‡§æ‡§Ø‡•á‡§ó‡§æ ‡§ï‡§Ø‡•Ç‡§Ç ‡§ï‡§ø ‡§è‡§Æ‡§Ü‡§∞‡§™‡•Ä ‡§ï‡•á ‡§®‡•Ä‡§ö‡•á ‡§§‡•ã ‡§ï‡•â‡§∞‡•ç‡§™‡•ã‡§∞‡•á‡§ü ‡§µ‡§æ‡§≤‡•á ‡§ï‡•Å‡§õ ‡§¨‡•á‡§ö‡§§‡•á ‡§®‡§π‡•Ä ‡§î‡§∞ ‡§ó‡§∞‡•Ä‡§¨ ‡§Ü‡§¶‡§Æ‡•Ä ‡§ï‡•ã ‡§ï‡•â‡§∞‡§™‡•ã‡§∞‡•á‡§ü ‡§Æ‡•â‡§≤ ‡§Æ‡•á‡§Ç ‡§è‡§Ç‡§ü‡•ç‡§∞‡•Ä ‡§®‡§π‡•Ä ‡§Æ‡§ø‡§≤‡§§‡•Ä ‡•§ ‡§ï‡§≠‡•Ä ‡§¶‡•á‡§ñ‡•á ‡§π‡•ã ‡§è‡§ï ‡§´‡§æ‡§ü‡•á ‡§™‡•Å‡§∞‡§æ‡§®‡•á ‡§Æ‡•à‡§≤‡•á ‡§ï‡§™‡§°‡§º‡•á ‡§™‡§π‡§®‡•á ‡§π‡•Å‡§è ‡§ï‡•ã ‡§∂‡•â‡§™‡§ø‡§Ç‡§ó ‡§Æ‡•â‡§≤ ‡§Æ‡•á‡§Ç ‡§è‡§Ç‡§ü‡•ç‡§∞‡•Ä ‡§Æ‡§ø‡§≤‡•Ä ‡§π‡•ã ‡§µ‡•ã ‡§∏‡§ø‡§∞‡•ç‡§´ ‡§¨‡§æ‡§π‡§∞ ‡§∏‡•á ‡§Æ‡•â‡§≤ ‡§ï‡•ã ‡§¶‡•á‡§ñ‡§§‡§æ ‡§π‡•à ‡§ê‡§∏‡•á ‡§π‡•Ä ‡§Ö‡§®‡§æ‡§ú ‡§≠‡•Ä ‡§π‡•ã ‡§ú‡§æ‡§è‡§ó‡§æ‡•§ ‡§ï‡•ç‡§Ø‡§æ ‡§π‡•ã‡§ó‡§æ ‡§ó‡§∞‡•Ä‡§¨‡•ã ‡§ï‡§æ???? As a such that I am work job income Tax Chanel subscribe kro<br>Guys barojgaro ki problem solution say related vedios apload krnay wala hu plzz gauys support ‡§π‡§Æ‡•á‡§Ç ‡§Æ‡§ø‡§≤‡§ï‡§∞ ‡§¶‡•á‡§∂ ‡§ï‡•ã ‡§¨‡§ö‡§æ‡§®‡§æ ‡§π‡•ã‡§ó‡§æ ‚ù§,2021-01-27T06:43:37Z,0,0,,,,
Kanakalata Bishoyi,"It&#39;s been so much turbulent (yester)day.there may be some alleged fringe element present. 1 year before approximately before some üö© FLAG RAISING POLITICS FEB 2020 something on someone else religious institution , if my clouding memory serves, this has served as Trend.let anybody whatsoever, plz üôèüôèüôèüôèüôè respect our CONSTITUTION OF INDIAüáÆüá≥; anybody of creed, color, caste, religion, race, gender, culture, class etc.. Plz. EVERYTHING CAN <br>Be solved between both parties on BIPOLAR sides in  the mediation and involvement of the ‚ù§ HON Judiciary COMMISSION. this is becoming a laughing stock on the world community.",2021-01-26T21:42:09Z,0,0,,,,
Kumar Khan,Jiske Lia farm law hai <br>Usse jab manjoor hi Nahi hai <br>To salae ye BJP wale kisko kya dena chatae hai .....,2021-01-26T20:22:41Z,0,0,,,,
Akshay R,This whole situation is deliberately created by modi. Bjp wanted to show this side of the protests to the world and they will careful planning created a choas with help of Delhi police and CRPF which made the farmers to change their designated March route. CRPF and Delhi police opened fired in laal kila and more than 100 farmers were injured and several died because of BJP govt plans. BJP very well know how to take political advantage of such situation as they have massive experience after Godra riots.,2021-01-26T17:10:58Z,0,0,,,,
KunjPtech,Achhi waali kutai hogi... jo tod fod karega uski,2021-01-26T15:48:37Z,0,0,,,,
rashi kapoor,Psuedo farmer protestors should be shot. Thts the only way......nuisance they have created since 2 months. No law should be taken back. Tale it or leave it.üò°üò°üò°üò°üò°üò°üò°üò°üò°üò°üò°,2021-01-26T15:37:03Z,0,0,,,,
Love Human,Khud dalle lok ghar P√© baith k tamasha dekh rahe and kisaano ko galt bol rahe...saalo Punjabi hi marte hain desh k liye unke rights toh do kam se kam...sharm karlo thodi..godi media ki trh tum logon ne b zameer bech diya kya...kutto..<br>Police ki maa ki aankh saalo ne bujurgo ko maara..g mein dum tha toh young se panga lete maa chhod dete Delhi police walo ki...<br>Jai Punjab Jai kisaan üî•üí™üèª,2021-01-26T14:20:01Z,1,0,,,,
Love Human,Jai kisaan jai jawaan,2021-01-26T14:09:10Z,0,0,,,,
Rakesh Kumar,They are terrorist not farmers.... Being a farmer ye chutiyape krne ke lie Time ni hai apni kheti chhor ke,2021-01-26T13:33:45Z,0,0,,,,
‡Æé‡Æ≤‡Øç‡Æ≤‡Ææ‡Æ™‡Øç ‡Æ™‡ØÅ‡Æï‡Æ¥‡ØÅ‡ÆÆ‡Øç ‡Æá‡Æ±‡Øà‡Æµ‡Æ©‡ØÅ‡Æï‡Øç‡Æï‡Øá,"Why we do not need Goverment???<br><br>There are not Goverments in this world without goverment slave servent (Army, Police, Others...)  They make human as slave for satan&#39;s money......<br><br>God give you free food, water, air but satan ban everything from god with the suport of satan&#39;s goverment system and they give you education for, work that work give you paper money, if you have money then you can buy food this is a satan&#39;s way of life please try to undestand what is life....<br><br>If you work for satan&#39;s money then can you live honestly ???<br><br>God give you free air, free water, free foods then who control that??? &amp; why they control please realize everything......<br><br>If you like to live as a fool and slave then you need work. money , politic , goverment system everything.....<br><br>Goverment How to control Land???<br>Land for every one, we want to live peacefuly with the God&#39;s nature life.....<br><br>If you get free foods, free water, free air then you never go for slave work........<br><br>All Medicines are fake<br>All Educations are only for make money not for knowledge....<br><br>Please realize the life every human born in this world for live peacefuly.......<br><br>Human knowledge is only the experience of the past, tomorrow is only in the hands of the Lord....<br><br>There is no life without realizing what life is!<br> Worship is something without knowing who &amp; where the Lord is!<br><br>Live with conscience, truth and honesty and feel the Lord....<br><br>Belive and realize god inside your mind then you will be understood everything!üíñüíñüíñ",2021-01-26T13:28:41Z,0,0,,,,
Lantern Arasu,TerroristsüòÖüòÖ,2021-01-26T13:11:24Z,1,0,,,,
F S,"If you keep oppressing Sikhs, we will have no option but to fight for separation and creating our own homeland. You have been warned. KHALISTAN ZINDABAD",2021-01-26T12:07:30Z,0,0,,,,
funforevery1,⁄ÜŸÑ ŸÖ€åÿ±ÿß Ÿæÿ™ÿ± ŸÖŸàÿØ€å ⁄Ü⁄æŸπ€å ⁄©ÿ± üòÇ,2021-01-26T12:05:41Z,0,0,,,,
Malwinder Singh Tiwana,When you have to sleep on road during winter and govt. fails to listen to your voice then the dam of tolerance will burst eventually.....jai jawan jai kisan üôèüèª,2021-01-26T12:02:53Z,0,2,,,,
,,,,,refaze,"Congress and Pak-supported terrorists in the guise of farmers were behind the incident of storming into Red Fort in New Delhi,Unable to bear the good governance of Narendra Modi, Congress is desperate and hence supporting the protestors",2021-01-26T14:13:13Z,2021-01-26T14:13:13Z
,,,,,refaze,U guys only see the top layer of situations and come to a conclusion....always,2021-01-26T14:13:41Z,2021-01-26T14:13:41Z
Vishal,"@Soonya Naidu¬† what about. When normal people  have lost internet connection,they are facing problem,they are not farmer they are terriorist ,and we should shoot them in encounter",2021-01-26T11:13:00Z,1,0,,,,
Subramanya Balaji,"People like Rahul Gandhi,  Yogendra yadav and other so called kissan leaders have to be taken to task and held responsible for the violence.  Also Rajnath Singh ji should be made the home minister again. Sad that these protesters hoisted a different flag on the ramparts of Red fort on a republic day. Strong action is required. I would like to add that the protests should have not been allowed in the first place.  Will the court too take responsibility!! This has been done just to demean the Modi government .",2021-01-26T10:42:31Z,0,1,,,,
,,,,,This channel does not exist.,Yeah no kid.,2021-01-26T12:26:40Z,2021-01-26T12:26:40Z
Renganathan Gopalsamy,The laws are only for the people. If they oppose it the government should remove it. The politicians are created unwanted laws and the laws that are supporting the corporates.  A group of expert should create laws not the politicians .,2021-01-26T10:32:08Z,0,0,,,,
Miss Soul,They are not farmers they are terrorist .a true farmer can&#39;t do this,2021-01-26T10:19:36Z,0,0,,,,
Indian Force,"I don&#39;t know how it will work... What those so called farmers want to prove!<br><br>I still remember my days as an NCC cadet , where after months of rehersal we use to set fit cadets and ready for final parade on 26Jan....<br><br>Here, without any reharsal, without any discipline posture, without any plan??<br><br><br>Had a doubt on this!",2021-01-26T09:45:43Z,0,1,,,,
,,,,,refaze,"Even I feel these farmers aren&#39;t real ones,a real farmer would never try to insult his country&#39;s flag....but by seeing the rest of the comments,I feel real indians are near to gone...",2021-01-26T14:02:12Z,2021-01-26T14:02:12Z
Surrender Modi,"Free Khalistan , we want freedom! We have not forgotten the 1984 genocide!!",2021-01-26T09:43:32Z,0,0,,,,
JPK Mundey,The barricade was removed by the police for their parade. This is lies!,2021-01-26T09:40:27Z,2,0,,,,
Mahesh Rathod,Abhi toh Karnataka aur Maharashtra ke bhi Kisan ane baki hai üòÇüòÇ,2021-01-26T09:35:11Z,0,1,,,,
,,,,,refaze,A real farmer would never insult the Indian flag like these fake ones did,2021-01-26T13:58:53Z,2021-01-26T13:58:53Z
Anand Babu,Brain üß† less kalisthan people involved here...,2021-01-26T09:18:55Z,0,0,,,,
Arbind Samal,Yeah..peaceful protests...great...buss yehi farmers hai..rest of india farmers are stupid....,2021-01-26T09:15:12Z,0,0,,,,
kumar5656,Jai modi Modi is great<br>Jai modi Modi is great<br>Jai modi Modi is great<br>Jai modi Modi is great<br>Jai modi Modi is great<br>Jai modi Modi is great<br>Jai modi Modi is great<br>Jai modi Modi is great,2021-01-26T09:12:15Z,0,0,,,,
kumar5656,Jai modi Modi is great<br>Jai modi Modi is great<br>Jai modi Modi is great<br>Jai modi Modi is great<br>Jai modi Modi is great<br>Jai modi Modi is great<br>Jai modi Modi is great<br>Jai modi Modi is great,2021-01-26T09:12:02Z,0,0,,,,
825_Mohit,Khalistani are backkkkkkk...,2021-01-26T08:39:10Z,1,0,,,,
825_Mohit,Randitv,2021-01-26T08:39:01Z,0,0,,,,
Pankaj Mishra,Previelage of being farmer even I am also farmer,2021-01-26T08:34:23Z,3,0,,,,
Sathya,‡Æü‡Æø‡Æ≤‡Øç‡Æ≤‡Æø‡Æï‡Øç‡Æï‡ØÅ ‡Æµ‡Æ∞‡ØÅ‡ÆÆ‡Øç ‡Æµ‡Æø‡Æµ‡Æö‡Ææ‡ÆØ‡Æø‡Æï‡Æ≥‡Øà ‡Æï‡Æ£‡Øç‡Æ£‡ØÄ‡Æ∞‡Øç ‡Æ§‡ØÅ‡Æ™‡Øç‡Æ™‡Ææ‡Æï‡Øç‡Æï‡Æø ‡Æö‡ØÇ‡Æü‡ØÅ ‡Æ®‡Æü‡Æ®‡Øç‡Æ§‡ØÅ‡ÆÆ‡Øç<br>‡Æï‡Ææ‡Æµ‡Æ≤‡Øç‡Æ§‡ØÅ‡Æ±‡Øà ‡Æµ‡Æ©‡Øç‡ÆÆ‡ØÅ‡Æ±‡Øà‡ÆØ‡Øà ‡Æµ‡Æ©‡Øç‡ÆÆ‡Øà‡ÆØ‡Ææ‡Æï ‡Æï‡Æ£‡Øç‡Æü‡Æø‡Æï‡Øç‡Æï‡Æø‡Æ±‡Øá‡Æ©‡Øç<br><br>‡Æµ‡Æø‡Æµ‡Æö‡Ææ‡ÆØ‡Æø ‡Æí‡Æ±‡Øç‡Æ±‡ØÅ‡ÆÆ‡Øà ‡Æµ‡Ææ‡Æ¥‡Øç‡Æï<br><br>‡Æö‡Ææ‡Æ§‡Æø ‡Æµ‡ØÜ‡Æ±‡Æø ‡ÆÆ‡Æ±‡Øç‡Æ±‡ØÅ‡ÆÆ‡Øç ‡ÆÆ‡Æ§ ‡Æµ‡ØÜ‡Æ±‡Æø ‡Æ™‡Ææ‡Æ∞‡Ææ‡ÆÆ‡Æ≤‡Øç<br>‡Æ™‡Øä‡Æ§‡ØÅ‡ÆÆ‡Æï‡Øç‡Æï‡Æ≥‡Øç ‡Æï‡Æ£‡Øç‡Æü‡Æ©‡ÆÆ‡Øç ‡Æ§‡ØÜ‡Æ∞‡Æø‡Æµ‡Æø‡Æï‡Øç‡Æï ‡Æµ‡Øá‡Æ£‡Øç‡Æü‡ØÅ‡ÆÆ‡Øç,2021-01-26T08:17:57Z,0,0,,,,
rakesh pillai,Middle man March üòÇ,2021-01-26T07:42:49Z,0,0,,,,
rohan kahane,Stop this fake news we want to listen farmers.. these guys are talking themselves..godi media,2021-01-26T07:36:41Z,0,0,,,,
iqbal Khiljee,Support farmers,2021-01-26T07:35:59Z,0,0,,,,
Gaurav Mishra,Kishan akata jinda bad <br>Delhi police Murada bad,2021-01-26T07:30:05Z,0,0,,,,
A company,Thu thu bjp government,2021-01-26T07:29:39Z,0,0,,,,
Lola Lola,Khalistan Zindabad.. üôè Never forget 1984..,2021-01-26T07:24:29Z,0,0,,,,
Ravi Dutt,Haha I really lose my hope for this nation when I see retarded counter comments on farmers. 80% farmers are below poverty line and people are saying that &quot;kisan hume free me thodi de rahe hai or wo to land rover me ghumte hai&quot;,2021-01-26T07:23:57Z,0,0,,,,
Gurdev Singh,‡§ï‡§ø‡§∏‡•Ä ‡§≠‡•Ä ‡§¶‡•á‡§∂ ‡§ï‡•Ä ‡§§‡§æ‡§ï‡§§ ‡§π‡•ã‡§§‡•Ä ‡§π‡•à ‡§â‡§®‡§ï‡•á ‡§ú‡§µ‡§æ‡§®  ‡§î‡§∞ ‡§â‡§®‡§ï‡•á ‡§ï‡§ø‡§∏‡§æ‡§®‡•§ ‡§Ü‡§ú ‡§∏‡§∞‡§ï‡§æ‡§∞ ‡§®‡•á ‡§¶‡•ã‡§®‡•ã‡§Ç ‡§ï‡•ã ‡§π‡•Ä ‡§Ü‡§™‡§∏ ‡§Æ‡•á‡§Ç ‡§≤‡§°‡§º‡§æ ‡§¶‡§ø‡§Ø‡§æ‡•§,2021-01-26T07:14:50Z,2,0,,,,
Velu M,Don&#39;t believe any media..they all sold  and lost respect.<br>We common people should standby farmers...<br>Love and support for our farmers from Chennai,2021-01-26T07:10:05Z,2,2,,,,
,,,,,refaze,"Congress and Pak-supported terrorists in the guise of farmers were behind the incident of storming into Red Fort in New Delhi,Unable to bear the good governance of Narendra Modi, Congress is desperate and hence supporting the protestors",2021-01-26T14:15:12Z,2021-01-26T14:15:12Z
,,,,,Velu M,"@refaze Good joke. If pak supporters and terrorists are involved what is modi government doing? They r in the power to take necessary action. So they r not capable to spot the terrorists??<br>Pls try something different other than the same template. Whenever people rise voice againt this Modi government immediately its suppressed by the same template like terrorist, pak, china...so cheap",2021-01-26T14:21:57Z,2021-01-26T14:21:57Z
Nitesh Kantharia,This is not the first time farmers r protesting. They r doing this since  50 years.. Most of the farmers r rich then the middle class people who lives in cities n rural area. Farmers want sympathy everytime.  Every twice in years they want protest n wants sympathy.,2021-01-26T06:57:45Z,0,0,,,,
one simple life,"Send back this brahmin sevak prime minister to Gujarat. Only Gujarati s prospered under his watch. He&#39;s an enemy of India&#39;s farmers, the native Indians &amp;  favouring only Gujarati business men like ambani &amp; adani",2021-01-26T06:54:42Z,0,0,,,,
Younus Pasha,JAI JAWAN JAI KISAN,2021-01-26T06:51:51Z,1,0,,,,
Arker !,Lol over 6-8 crore farmers have signed the petition nd r supporting farm bills.<br>Now who gets to decide if the farmers wants it or not?,2021-01-26T06:50:26Z,6,1,,,,
,,,,,‡§á‡§Ç‡§¶‡•ç‡§∞ :,Farm bill to aega,2021-01-28T03:21:02Z,2021-01-28T03:21:02Z
Shine Techno,Giid,2021-01-26T06:46:54Z,1,0,,,,
Namreeta Brar,These tear gas bombs are not going to deter the spirit of Indian farmers!!!<br>Let the Delhi police try any means possible. Farmers are not returning back without a favorable answer to abolish the laws. Jai Jawan Jai Kissan. From üá∫üá∏üá∫üá∏üá∫üá∏,2021-01-26T06:45:52Z,0,0,,,,
REVATHIE PUSHPALATHA,EMBARRASSMENT CAUSED BY MODI<br><br>1.PASSED A LAW BY A INAPPROPRIATE VOICE VOTE <br><br>2.NEVER HAD FORMAL FARMERS VIEWS 1 YEAR BEFORE AMENDMENT<br><br>3.NEVER MET FARMERS -RATHER INSULTED THEM USING TEAR GAS DIRTY WATER AVOIDED THEM <br><br>4.PASSED A DANGEROUS AMENDMENT - NO COURT CAN RECEIVE A SUIT REGARDING FARM LAW AMENDMENT<br><br>5.PAINTED 40% GDP ECONOMY AS TERRORISTS NAXALS REPRESNTING 2/3 RD INDIAN POPULATION-<br><br>DONT EMBARASS INDIANS TO APPEASE ISRAELs ORDERS- INDIANS ARE PATRIOTS...IS RSS PATRIOT OR TRAITOR?VIOLENT TERRORIST,2021-01-26T06:44:45Z,0,0,,,,
Sumit Kumar,DELHI SHAHAR NAMOONA ANDAR MITTI BAHAR CHOONA üòÇüòÄüòé ‡§¶‡§ø‡§≤‡•ç‡§≤‡•Ä ‡§∂‡§π‡§∞ ‡§®‡§Æ‡•Ç‡§®‡§æ ‡§Ö‡§®‡•ç‡§¶‡§∞ ‡§Æ‡§ø‡§ü‡•ç‡§ü‡•Ä ‡§¨‡§æ‡§π‡§∞ ‡§ö‡•Ç‡§®‡§æ üòÇüòÄüòé,2021-01-26T06:36:59Z,0,0,,,,
soham chatterjee,Such a delight to watch this! Long live the revolution,2021-01-26T06:31:24Z,2,0,,,,
Sanjaya Krishnan,Shame on modi govt..,2021-01-26T06:25:02Z,0,0,,,,
Bookie world,Jay jawan jai kisan,2021-01-26T06:23:37Z,0,0,,,,
Maheswaran R,R u godi media trying to suppress people this is what it will happen every indian will kicüòâknoff if u try to poke,2021-01-26T06:22:31Z,1,0,,,,
delirious wayfarer,Jai kisan jai jawan...jai hind..,2021-01-26T06:20:57Z,0,0,,,,
Pramit Chakraborty,This was bound to happen. All of the media attention will be in the capital. So do some ruckus and attract the media will juicy scenes. I am sure we are going to see many many more destruction today. <br>CAA NRC protest policy being followed here.,2021-01-26T06:18:29Z,0,2,,,,
,,,,,Anand Babu,What&#39;s your real name bro...from which country you are. Osama bin Laden from Pakistan?...,2021-01-26T09:32:32Z,2021-01-26T09:32:32Z
,,,,,Pramit Chakraborty,@Anand Babu I am an Indian who didn&#39;t sell his soul to support his favourite politician.,2021-01-26T12:24:12Z,2021-01-26T12:24:12Z
AJ Kichu Rants,I&#39;m with the farmers. ‚ù§,2021-01-26T06:17:06Z,7,0,,,,
Akhil Paul,"If a clash happens, sadly farmers will be called terrorist and put in jail. Bhakts will support, without an iota of empathy or brains.",2021-01-26T06:00:58Z,0,0,,,,
AVINAB BISWAS,"Central government should think about farmers(kissan), not about Mukesh ambani or adani(business class).",2021-01-26T05:56:38Z,5,2,,,,
,,,,,Jatin Final58,Jio network se ye comment dala na? Dumbfuck.,2021-01-26T05:59:29Z,2021-01-26T05:59:29Z
,,,,,Blender,@Jatin Final58 or tuze hilla dala,2021-01-26T06:37:53Z,2021-01-26T06:37:53Z
lovish mahajan,Modi kisaan chad gye na upar to apne auzaar khe se daal k kha se nikalenge tu bhi nhi jaanta,2021-01-26T05:56:35Z,1,0,,,,
Insaan,Goons,2021-01-26T05:55:18Z,0,0,,,,
Avinash Verma,‡§∞‡§£NDTV,2021-01-26T05:54:18Z,0,0,,,,
Default Guy,"These so called farmers are acting like ANTIFA BLM protestors in India, having no shame no respect for law and order, only believe in violence and driving tractor over police.",2021-01-26T05:50:51Z,0,0,,,,
So Ma,Jai kishan,2021-01-26T05:47:42Z,1,0,,,,
Prem Prem,Repeal anti farm laws,2021-01-26T05:47:12Z,2,0,,,,
Kulbir Harika,Kisan ekta zindabad,2021-01-26T05:41:33Z,2,0,,,,
Aaa,These goons need to be stopped.,2021-01-26T05:40:19Z,1,0,,,,
New Tech,"Let the leaders sit and worry because they have broken the promises during their election campaigning since 1947 and let the leaders, bureaucrats and judiciary sit in nightmare. Jai Hind.",2021-01-26T05:39:42Z,55,4,,,,
,,,,,REVATHIE PUSHPALATHA,"INTERNATIONAL EMBARRASSMENT CAUSED BY MODI<br><br>1.PASSED A LAW BY A INAPPROPRIATE VOICE VOTE <br><br>2.NEVER HAD FORMAL FARMERS VIEWS 1 YEAR BEFORE AMENDMENT<br><br>3.NEVER MET FARMERS -RATHER INSULTED THEM USING TEAR GAS DIRTY WATER AVOIDED THEM <br><br>4.PASSED A DANGEROUS AMENDMENT - NO COURT CAN RECEIVE A SUIT REGARDING FARM LAW AMENDMENT<br><br>5.PAINTED 40% GDP ECONOMY AS TERRORISTS NAXALS REPRESNTING 2/3 RD INDIAN POPULATION-<br><br>Israel is everything the RSS wants India to be, Modi is making it happen<br>DAILYO <br>05-07-2017",2021-01-26T06:47:19Z,2021-01-26T06:47:19Z
,,,,,K H Rao,Dalari (middle men ) kho hatavo kisan kho bachavo.,2021-01-26T14:40:06Z,2021-01-26T14:40:06Z
,,,,,Aarushi Purohit die heart fan of BTS,Can u explain in simple words,2021-01-26T16:23:41Z,2021-01-26T16:23:41Z
,,,,,Karan Sharma,Gayhind,2021-01-26T22:59:50Z,2021-01-26T22:59:50Z
S Mohanty,jitne aye kissan tod fod karenge..itne aye expose honge..üòÇüòÇüòÇ..man gaye amit shah ji..,2021-01-26T05:39:21Z,0,6,,,,
,,,,,Sanket Sarode,Odisha ki gand me abhi tak bjp ka bulla ghusa nhi hai,2021-01-26T05:58:46Z,2021-01-26T05:58:46Z
,,,,,S Mohanty,@Sanket Sarode humare yahan modiji ke bhakt bahut hain yahan..tum tension mat lo..tractor ke baad bmw jeep mercedes ki rally kab hain,2021-01-26T06:02:42Z,2021-01-26T06:02:42Z
,,,,,Sanket Sarode,Kisan ekta jindabad,2021-01-26T06:08:33Z,2021-01-26T06:08:33Z
,,,,,Sanket Sarode,Aise stereotypes se kuch nhi hoga bhai.<br>Na mai pagdi wala hu na mai punjab se hu,2021-01-26T11:09:33Z,2021-01-26T11:09:33Z
,,,,,Sanket Sarode,Drugs kabhi liye nahi.<br>Reshimbag Nagpur ke sangh mukhyalay ke paas rehta hu.3 peedhiya sangh me hai humari.<br>Par anginat peedhiyo se kisan hai.,2021-01-26T11:10:48Z,2021-01-26T11:10:48Z
,,,,,S Mohanty,@Sanket Sarode kissan hain tu..üòÇüòÇüòÇ..youtube main kheti kar raha hain..,2021-01-26T11:17:11Z,2021-01-26T11:17:11Z
Harshdeep Singh,Desh se nhi desh mein azaddi chahiye üôè. We are farmers not terrorist/khalistaanis/anti-national.,2021-01-26T05:39:18Z,0,2,,,,
,,,,,Bibek BHOWAL,Rally india gate ke saamne hoga??,2021-01-26T05:49:34Z,2021-01-26T05:49:34Z
,,,,,Ayan,Rightly said ! Full support from jalandhar,2021-01-26T05:53:13Z,2021-01-26T05:53:13Z
Bittu Singh,Oo really ...cruel farmers leader ....are u out of ur mind....idiots.....,2021-01-26T05:38:53Z,1,0,,,,
jaya shankar,Jai Kisan,2021-01-26T05:38:43Z,1,0,,,,
Shailesh Katiyar,‡§≠‡§æ‡§∞‡§§ ‡§ï‡•ã ‡§ï‡•É‡§∑‡§ø ‡§™‡•ç‡§∞‡§ß‡§æ‡§® ‡§¶‡•á‡§∂ ‡§∏‡•á ‡§ï‡§æ‡§∞‡§™‡•ã‡§∞‡•á‡§ü ‡§®‡§ø‡§Ø‡§Ç‡§§‡•ç‡§∞‡§ø‡§§ ‡§¶‡•á‡§∂ ‡§Æ‡•á‡§Ç ‡§¨‡§¶‡§≤‡§§‡•á ‡§¶‡•á‡§ñ ‡§∞‡§π‡•á ‡§π‡•à‡§Ç‡•§,2021-01-26T05:36:17Z,0,0,,,,
Creativity06,NDTV is the home of harvard vishwavidyalay anti nationals,2021-01-26T05:36:14Z,1,1,,,,
,,,,,Jatin Final58,True.,2021-01-26T05:58:52Z,2021-01-26T05:58:52Z
Laxmi Prasad Bhardwaj,üòçüòçüòçü§©ü§©ü§©ü§©ü§©,2021-01-26T05:35:02Z,0,0,,,,
Rubul Borah,"This time we are watching tractor parade,not modi",2021-01-26T05:34:57Z,38,0,,,,
Creativity06,Tractor rally murdabaad,2021-01-26T05:34:49Z,2,1,,,,
,,,,,Ayan,"Kyo , why shouldn&#39;t we protest for our rights ?",2021-01-26T05:53:58Z,2021-01-26T05:53:58Z
niranjan balu,So it begins. If things go wrong farmers will be blamed.,2021-01-26T05:33:30Z,20,7,,,,
,,,,,Chirag,Delhi police was kind enough to give them permission on Republic Day for their tractor rally...and this is how those farmers are repaying??? By breaking barricades...swinging swords...destroying buses...shaming us in the international community??? And you think Delhi police is to be blamed???,2021-01-26T08:18:04Z,2021-01-26T09:10:22Z
,,,,,Shabik shabi,@Chirag  why not....,2021-01-26T09:35:58Z,2021-01-26T09:35:58Z
,,,,,Chirag,"@Shabik shabi I‚Äôve already answered in the above comment. Delhi police had all the powers to reject their demands of tractor rally on Republic day. Despite this, they gave a go ahead but with certain restrictions keeping Republic Day sanctity in mind...but you saw how ‚Äúpeacefully‚Äù those farmers abided with the rules right? By trying to run tractors through police personnel...by injuring cops who were performing their duties...by destroying DTC buses...by breaking barricades...by heckling and beating up media reporters...by storming the Red Fort and swinging swords and waving Khalistani flags...by not adhering with the routes assigned by Delhi police...by creating utter chaos on Republic Day which is showing the country in a bad light...and Delhi police are the villains according to you geniuses? üëè",2021-01-26T09:50:02Z,2021-01-26T09:51:25Z
,,,,,Rey1 Sri,"@Shabik shabi ¬† Why not?  No one gets to blackmail govts, regardless of cause, faith etc.  This is good practice for the upcoming fanatical revolts and wanton criminality - the system will thankfully get stronger to identify, target, electronically filter and nullify threats.  Enough words now.",2021-01-26T11:17:11Z,2021-01-26T11:17:11Z
,,,,,refaze,"@Rey1 Sri dude, they&#39;re acts in red fort easily tells us these are not real farmers......a real farmer would never even try to bring down the Indian flag for any reason....",2021-01-26T13:49:14Z,2021-01-26T13:49:14Z
,,,,,Aarushi Purohit die heart fan of BTS,Correct and they should be blamed cause they had caused trouble and they r disrespecting our national flag . Mannersless,2021-01-26T16:16:24Z,2021-01-26T16:16:24Z
,,,,,Aarushi Purohit die heart fan of BTS,@refaze correct a real farmer knows the value of his country and his flag but these people&#39;s not only disrespecting our flag but beating our soldiers and police officers,2021-01-26T16:20:12Z,2021-01-26T16:20:12Z
Oh yeah Yeah,Tanks yaha se jyada door nahi honge.<br>Chadha do in chutiyo pe.,2021-01-26T05:32:29Z,0,0,,,,
ad,‡§è‡§ï ‡§ß‡§ï‡•ç‡§ï‡§æ ‡§ú‡•ã‡§∞ ‡§∏‡•á ‡§¶‡•ã<br>‡§ò‡§Æ‡§Ç‡§°‡•Ä ‡§∏‡§∞‡§ï‡§æ‡§∞ ‡§ï‡•Ä  ‡§´‡§æ‡•ú ‡§¶‡•ã,2021-01-26T05:32:16Z,2,0,,,,
Alexen Antony,"THE SUPPER RICH, THE SUPER DALALS, TOO WANTS TO ENJOY AT THE COST OF HARD WORK OF THE FARMERS BY THE 3 LAWS.",2021-01-26T05:26:47Z,6,0,,,,
Thanveer T,Jai kisan jai jawan jai hindustan ‚úäüèª‚úäüèª‚úäüèª,2021-01-26T05:26:28Z,2,1,,,,
,,,,,refaze,"Congress and Pak-supported terrorists in the guise of farmers were behind the incident of storming into Red Fort in New Delhi,Unable to bear the good governance of Narendra Modi, Congress is desperate and hence supporting the protestors",2021-01-26T14:13:56Z,2021-01-26T14:13:56Z
Alok Sharma,"‡§ú‡§Ø ‡§ï‡§ø‡§∏‡§æ‡§®   üöú  üáÆüá≥ Show tractor rally, Show tractor rally  üáÆüá≥ üöú üáÆüá≥ üöú üáÆüá≥ üöú üáÆüá≥ üöú üáÆüá≥ üöú üáÆüá≥ üöú  üáÆüá≥ üöú üáÆüá≥ üöú üáÆüá≥ üáÆüá≥ üöú üáÆüá≥ üöú üáÆüá≥ üöú üáÆüá≥ üöú üáÆüá≥ üöú üáÆüá≥ üöú  üáÆüá≥ üöú üáÆüá≥ üöú",2021-01-26T05:25:57Z,0,0,,,,
J.D Sekhon,Amazing...love u guys,2021-01-26T05:25:31Z,1,0,,,,
ramesh jayarajan,All the best to food proving god,2021-01-26T05:24:27Z,2,0,,,,
ramesh jayarajan,Police plan anything to hit the food providing god....in the name of law and order ...wish n pray God save our farmers,2021-01-26T05:23:26Z,2,0,,,,
Zing Classy,"Jay mazdoor, jay kisan!",2021-01-26T05:20:07Z,1,2,,,,
,,,,,refaze,"Congress and Pak-supported terrorists in the guise of farmers were behind the incident of storming into Red Fort in New Delhi,Unable to bear the good governance of Narendra Modi, Congress is desperate and hence supporting the protestors",2021-01-26T14:14:26Z,2021-01-26T14:14:26Z
,,,,,Zing Classy,@refaze Cope bot,2021-01-26T16:50:25Z,2021-01-26T16:50:25Z
samuel Rodriguez,Jay Shri Ram,2021-01-26T05:15:52Z,0,0,,,,
R Y U K,üôèEverything must go in right way<br>May god bless farmers<br>Happy republic day‚ù§,2021-01-26T05:13:50Z,8,4,,,,
,,,,,refaze,"Congress and Pak-supported terrorists in the guise of farmers were behind the incident of storming into Red Fort in New Delhi,Unable to bear the good governance of Narendra Modi, Congress is desperate and hence supporting the protestors",2021-01-26T14:12:59Z,2021-01-26T14:12:59Z
,,,,,Alpha Viper,Desecration of Red Fort and public transportation which are maintained by the taxes borne by Indian Citizens and these hooligans are not farmers but anti-social elements and not even a single Farmer Union has condemned it expect Mr. Yadav. This chapter will be marked as black day in farmer protest.,2021-01-26T16:20:40Z,2021-01-26T16:20:40Z
,,,,,Aarushi Purohit die heart fan of BTS,Now God will not bless farmers cause unhone desh ke saath gaddari ki h aur ab in fake farmers ko iski ki kimat chukani hi hogi dekhna abki baar me toh kya koi bhi inki respect nhi krega this ..........,2021-01-26T16:22:14Z,2021-01-26T16:22:14Z
,,,,,Avneet Prahladi,@Aarushi Purohit die heart fan of BTS listen kid let me tell you something no one gives a DAMN.,2021-01-26T16:36:46Z,2021-01-26T16:36:46Z
Irsh_official,These farmers need to connect with bengal farmers<br>Election is very near bjp will terrified,2021-01-26T05:13:27Z,12,1,,,,
,,,,,refaze,"Yea,and then congress or some other party will win and they will kill every respect we got in the world only because of modi and government....",2021-01-26T14:00:35Z,2021-01-26T14:00:35Z
Sam Sung,‡§ï‡§ø‡§∏‡§æ‡§® ‡§ï‡•Ä ‡§ú‡§Ø ‡§π‡•ã‡§ó‡•Ä ‡§§‡•ã ‡§ú‡§Ø ‡§ú‡§µ‡§æ‡§® ‡§π‡•ã‡§ó‡§æ!üì£üì£üì£,2021-01-26T05:11:56Z,0,0,,,,
Jaskirat Singh,Kisi RSS ke chode mein dum hai to bsdk delhi mein aake kuchh bol kr dikhao  ‚õ≥,2021-01-26T05:11:14Z,0,0,,,,
Nathline Pereira,No barracks broken. 12 they moved on. Learn to give proper news. Jai jawan jai kisan,2021-01-26T05:09:25Z,15,5,,,,
,,,,,Maheswaran R,There PPL r godi media,2021-01-26T06:23:30Z,2021-01-26T06:23:30Z
,,,,,refaze,"Congress and Pak-supported terrorists in the guise of farmers were behind the incident of storming into Red Fort in New Delhi,Unable to bear the good governance of Narendra Modi, Congress is desperate and hence supporting the protestors",2021-01-26T14:12:47Z,2021-01-26T14:12:47Z
,,,,,Avneet Prahladi,@refaze good governance of modi? ü§£ü§£ü§£,2021-01-26T16:34:59Z,2021-01-26T16:34:59Z
,,,,,jagadeesh k s,"That&#39;s our media, they just favor who has the more power",2021-01-26T18:38:11Z,2021-01-26T18:38:11Z
,,,,,Kaka Koyu,"@Avneet Prahladi actually it is a good governance since independence. Don&#39;t be a blind supporter of congress (andh bhakt) these are not farmers anyway these are goons. Anyway before u point me out for religious agendaSss I would like to clear that m christian (not hindu)üòÅ so don&#39;t call me modi bhakt or rss suporter üòÅüòÅ I only support facts, and I support farm bill but bill has to be change a little in 3rd page .üëçüèø",2021-01-27T03:19:06Z,2021-01-27T03:19:06Z
T K,"PM celebrating Republic Day happily and comfortably, but the men who give us food for our Nation is crying for survival outside.. What are we celebrating this year? Bharat matha ki jai!!",2021-01-26T05:07:07Z,92,47,,,,
,,,,,Creativity06,Real farmers support the agricultural bills,2021-01-26T05:35:10Z,2021-01-26T05:35:10Z
,,,,,priyam joshi,They don&#39;t give us food for free moreover without industrial development they would be not able to gave us food. 50 years back they all were crying and not able to grow anything.,2021-01-26T05:35:46Z,2021-01-26T05:47:37Z
,,,,,Indian buddy,Which survival. Coming in range Rovers and fortuners and talking about survival. Lol,2021-01-26T05:44:02Z,2021-01-26T05:44:02Z
,,,,,T K,"@priyam joshi 50 years back was a different situation the whole world was starving... Now only if the govt gives atleast 5% their ears to farmers rather than Adanis this would not have happened..  you and me would not know, but the real farmers would know, that is why they are protesting..",2021-01-26T05:46:27Z,2021-01-26T05:46:27Z
,,,,,T K,@Creativity06 Are u a farmer to know this?,2021-01-26T05:46:55Z,2021-01-26T05:46:55Z
,,,,,T K,@Indian buddy When did tractor became range rovers.. U have no idea what u are speaking dont you?  lol,2021-01-26T05:48:33Z,2021-01-26T05:48:46Z
,,,,,Yogesh,@sarf Bhai itna future kaise dekh lete ho koi bhi chutiya kuch bhi bol deta hain aur maan lete ho.<br><br>CAA time desh ne dekha aur PM ekdum sahi kar rahe hai  wo dakait aur har cheez ka protester yogendra YADAV fir bhi election harane wala üòáüòÇüòÅüòÑüòÜ<br>Apne politics ke liye agents ka paisa aur kisano ko use kar rahe hain ye desh bhi janata hain,2021-01-26T05:49:40Z,2021-01-26T05:49:40Z
,,,,,Creativity06,@T K yes,2021-01-26T05:50:02Z,2021-01-26T05:50:02Z
,,,,,priyam joshi,@T K we are also farmers don&#39;t tell me I can see everything only punjab and congressi from haryana are protesting.,2021-01-26T05:50:30Z,2021-01-26T05:50:30Z
,,,,,The chosen one,Lol we pay for our food..they are not giving it for free,2021-01-26T05:53:47Z,2021-01-26T05:53:47Z
,,,,,T K,"@Creativity06 May be, not a real one.. I know many real farmers..",2021-01-26T05:54:09Z,2021-01-26T05:54:09Z
,,,,,T K,@The chosen one But where does ur food come from in the first place? thought of that my friend lol,2021-01-26T05:56:37Z,2021-01-26T05:56:37Z
,,,,,Creativity06,@T K do i need to get validation from you,2021-01-26T05:57:29Z,2021-01-26T05:57:29Z
,,,,,The chosen one,@T K lol I don care where it comes from as long as I am paying for it I don need to thank anyone..<br>And I live in the south..it&#39;s cheaper for us to import food from Australia rather than get it from Punjab or haryana..<br>But still we buy it from u ppl ..so u ppl must be thankful to south for that,2021-01-26T06:00:18Z,2021-01-26T06:00:57Z
,,,,,YBIH,"@The chosen one Then import it from Australia, let see how long you can afford it",2021-01-26T06:05:01Z,2021-01-26T06:05:01Z
,,,,,priyam joshi,"@T K where does your tractor came from where does your electricity came from, pesticides, fertilisers no income tax logo ko pagal samjha h kya itna hi h to leave these all things fir kar kheti.",2021-01-26T06:05:08Z,2021-01-26T06:05:08Z
,,,,,Vaibhav Gera,@priyam joshi jab aloo Rs.100/kilo milne lagega tab samajh ayega ki kissan protest kyu kar rahe the,2021-01-26T06:06:32Z,2021-01-26T06:06:32Z
,,,,,ahmer syed,@Vaibhav Gera Arre in gadho ko koi farak nahi padta. Petrol 90‚Çπ ho gaya konsa chillane lage. Bas musalman ko daba ke rakho bhale hi aalu 500‚Çπ kilo ho jaaye.,2021-01-26T06:11:58Z,2021-01-26T06:11:58Z
,,,,,priyam joshi,@Vaibhav Gera oh aabe chutiya agar itnhi mehngi chize hoti to sarkar check lagayega tu dare mat businesses ko bi pata hai itna mehnga nhi bechna tum logo ko economy ka pata hai nhi kuch bas hava me baat krte ho.,2021-01-26T06:21:54Z,2021-01-26T06:21:54Z
,,,,,Blender,@Raghav Singh yeah your mother&#39;s was crying,2021-01-26T06:26:56Z,2021-01-26T06:26:56Z
,,,,,Blender,@Indian buddy yeah they were talking about ur sisters survival,2021-01-26T06:28:19Z,2021-01-26T06:28:19Z
,,,,,Vaibhav Gera,@priyam joshi agar ek baar companies ne monopoly bna li fir sarkar kuch nhi kar sakti aur aisa mai nhi khe rha jin bhi countries mai aesa hai vha ke sabjio ke daam dekhlo for example USA,2021-01-26T06:33:51Z,2021-01-26T06:33:51Z
,,,,,Blender,"@priyam joshi beta m upsc me 1 baar interview tak puch chuka hu,,,,tu rehne de economics ka gyan dene tere buss ki baat nhi h beta....",2021-01-26T06:35:33Z,2021-01-26T06:35:33Z
,,,,,Deep Patel,Other 28 states of India are equally responsible for feeding us.not only punjab farmers,2021-01-26T07:44:45Z,2021-01-26T07:44:45Z
,,,,,Deep Patel,@priyam joshi true,2021-01-26T07:46:43Z,2021-01-26T07:46:43Z
,,,,,Deep Patel,"@Creativity06 here in comment section, if you support farmer&#39;s bill then you are not a farmer but if you support farmer&#39;s bill then you are a farmer. Wow what a logic üòÇ. There&#39;s no point in explaing these people ignore them",2021-01-26T07:49:09Z,2021-01-26T07:49:09Z
,,,,,priyam joshi,@Vaibhav Gera aacha USA se compare kr rha h tu thoda padh likh le yar fir baat kr monopoly jaisa kuch hai hi nhi is bill me. ApMC mandi me becho na kisne mana kiya,2021-01-26T07:50:54Z,2021-01-26T07:50:54Z
,,,,,priyam joshi,"@Blender phele apne nam se comment kar, mai bi bol du IAS hu mai.",2021-01-26T07:51:22Z,2021-01-26T07:51:22Z
,,,,,Vaibhav Gera,@priyam joshi starting mai companies farmers ko jyada paise dengi jiski vajah se most farmers private mai bechna shuru kardenge jiski vajah se apmc band hojayegi fir jab sab log in private companies pe depend hojayenge tabh voh apne prices badhana shuru karenge.,2021-01-26T07:57:53Z,2021-01-26T07:57:53Z
,,,,,Blender,@priyam joshi hoga IAS tu apne ghar per fir hum kya kre,2021-01-26T08:07:22Z,2021-01-26T08:07:22Z
,,,,,Blender,@priyam joshi chl htt,2021-01-26T08:07:30Z,2021-01-26T08:07:30Z
,,,,,Blender,@Deep Patel tu hum kya kre beta,2021-01-26T08:11:59Z,2021-01-26T08:11:59Z
,,,,,SlayBot YT,When 86% of farmers accept that bills are correct so why punjab farmers are protesting? A,2021-01-26T08:44:07Z,2021-01-26T08:44:07Z
,,,,,Blender,"@SlayBot YT haryana farmers also protesting,,,,up mp rajasthan maharashtra tamilnadu andhra kerala bihar west bengal farmers also protesting beta jii,,,,,,pehle poori khabre pedh liya kr lodu",2021-01-26T08:47:29Z,2021-01-26T08:47:29Z
,,,,,Blender,@SlayBot YT or ye 86% Wala aakda kha se aaya??   Godi media se kya beta,2021-01-26T08:47:58Z,2021-01-26T08:47:58Z
,,,,,SlayBot YT,@Blender kuch bhi mat bol saley üòÇüòÇ,2021-01-26T09:00:14Z,2021-01-26T09:00:14Z
,,,,,Blender,@SlayBot YT kyo na bolu,2021-01-26T09:06:03Z,2021-01-26T09:06:03Z
,,,,,Anand Babu,Use brain üß† bro...Y not all state farmers doing protest..Y only punjab and Haryana farmers doing,2021-01-26T09:26:52Z,2021-01-26T09:26:52Z
,,,,,Blender,"@Anand Babu read news bro with open eyes ,,,, up rajasthan bihar mp maharashtra andhra tamil nadu kerala ke farmers bhi protest kr rhye h vo baat alag h ki Haryana punjab ke farmers protest ko lead kr rhye h",2021-01-26T09:40:04Z,2021-01-26T09:40:04Z
,,,,,Blender,@Anand Babu so please use your eyes + ears + brain .....ok bye,2021-01-26T09:40:42Z,2021-01-26T09:40:42Z
,,,,,Anand Babu,@Blender I am from south...I don&#39;t even see a single farmer against farmer bill,2021-01-26T09:54:31Z,2021-01-26T09:54:31Z
,,,,,Gurkirat Singh pandher,@Creativity06  biggest protest in history is happening if they are not farmers to won&#39;t be alive now,2021-01-26T09:56:35Z,2021-01-26T09:56:35Z
,,,,,Gurkirat Singh pandher,@The chosen one  punjab is one of the richest state we don&#39;t need your money to live,2021-01-26T09:58:30Z,2021-01-26T09:58:30Z
,,,,,Gurkirat Singh pandher,@Anand Babu  Maharashtra Rajasthan people in Canada USA are also protesting and UK prime minister didn&#39;t came because he knew what kind of human Modi is,2021-01-26T10:00:04Z,2021-01-26T10:00:04Z
,,,,,The chosen one,@Gurkirat Singh pandher then don&#39;t sell your filth to us..<br>Sell it within your punjab,2021-01-26T10:12:33Z,2021-01-26T10:12:33Z
,,,,,ranjeet singh,"@Blender ajkal koi bhi modi ki najayaz aulad economy pe comment mar leta hai,  bhale gand dhoni aati na ho",2021-01-26T13:29:26Z,2021-01-26T13:29:26Z
,,,,,shraboni goswami,They are not farmers they act like gunda,2021-01-26T15:27:53Z,2021-01-26T15:27:53Z
Chetan Tiwari,"Kisaan sadak per hai...aur unke bete, Sena me Bharti hokar desh ki borders per hai...Inn dono k Bina iss desh ki Kalpana bhi Nahi ki ja Sakti...per fir bhi desh ki janta inko support Nahi Kar rahi...kitne dukh ki baat hai desh ki kisaan aaj Akela apni ladai lad rha hai..",2021-01-26T05:03:21Z,1,0,,,,
Anant Tripathi etc.,pagdi sambhal jatta,2021-01-26T05:00:34Z,2,0,,,,
Gaurav Ingale,Even soldiers should support the protest against laws.,2021-01-26T04:59:23Z,4,0,,,,
Ashish Aswal,üòÇüòÇüòÇüòÇüòÇüòÇ<br>Ekki dukki chak diyange...<br>Jyada uchle taan dapp diyange....<br><br><br>Chalo Chako Bhande Dinde delhi chaliye,2021-01-26T04:58:40Z,0,0,,,,
VIVEK MOHAN,So sad üòÇ,2021-01-26T04:58:28Z,0,0,,,,
A J,Andhbhakto ki G me lamba L,2021-01-26T04:57:28Z,0,0,,,,
T90ÿÑPRINCEYT,Jai kissan,2021-01-26T04:57:16Z,1,0,,,,
46_Mohd Shahzeb Shaikh 8B,Happy Republic Day üáÆüá≥üáÆüá≥üáÆüá≥<br><br>Andhkaar ko cheer ke <b>Haq Ki Roshni</b> Delhi me phailney wali hai .<br>Bharat MAA tujhe aur tere laal ko Salaam .<br>        <b>Love you Motherland</b><br>       <b>Jai Jawaan Jai Kisan</b>,2021-01-26T04:54:55Z,5,0,,,,
Sushil Mascarenhas,why is NDTV not being bold as they used to be somehow I feel you guys are bowing down all the time you show just Covid 19 news. Please show some strength we guys depend on you dont get scared please fight for the right just showing the news isnt everything voice some opinion too,2021-01-26T04:48:33Z,17,0,,,,
Delbi Delbi,"India news never tell the truth they lye,",2021-01-26T04:47:08Z,0,1,,,,
,,,,,Anmol Sobti,yes media is all bought by modi and mukesh ambani,2021-01-26T05:09:53Z,2021-01-26T05:09:53Z
Puspendu Mondal,Tractor swag ‚ù£Ô∏è‚ù£Ô∏è‚ù£Ô∏è,2021-01-26T04:47:07Z,1,0,,,,
Manrajdeep singh,Kisan majdoor ekta jindabad,2021-01-26T04:45:39Z,4,0,,,,
Nawed Alam,"Jai jawan jai kisan,inquilab zindabad",2021-01-26T04:44:48Z,6,0,,,,
Avijit Modi,On one side republic day parade is going on and on the other side farmers on the road in this cold protesting to protect their rights. Is this democracy?,2021-01-26T04:43:04Z,99,27,,,,
,,,,,Creativity06,These are not farmers,2021-01-26T05:35:44Z,2021-01-26T05:35:44Z
,,,,,Sukhbir Singh,@Creativity06 you are not human stop commenting bullshit....,2021-01-26T05:41:55Z,2021-01-26T05:41:55Z
,,,,,The chosen one,@Sukhbir Singh by wat logic your saying that kothe sardar,2021-01-26T05:52:36Z,2021-01-26T05:52:36Z
,,,,,Gaurav Sharma,These jokers should be in Jail not on road ...,2021-01-26T06:05:48Z,2021-01-26T06:05:48Z
,,,,,Infinity IN,"@Sukhbir Singh Hey Moron , Tell me One thing Is all Farmers live in Punjab ?? üôÑ Tell and This is Not Farmer protest it&#39;s Political Dalal Protest Everyone knows üòë",2021-01-26T06:15:48Z,2021-01-26T06:35:58Z
,,,,,Rajesh Kaul,They are not farmers. Everyone knows,2021-01-26T06:19:51Z,2021-01-26T06:19:51Z
,,,,,Pramit Chakraborty,@Sukhbir Singh Tell me what is wrong with Farm laws. Let&#39;s see how well read you are.,2021-01-26T06:20:00Z,2021-01-26T06:20:00Z
,,,,,Sukhbir Singh,@Pramit Chakraborty I do not need to show anything to you gentleman ya if you really need to know meet me any time face to face I will tell you properly.... anytime Ok??,2021-01-26T06:24:43Z,2021-01-26T06:24:43Z
,,,,,Mansher singh Dhugga,@Pramit Chakraborty when private companies will sell you 50 rupees vegetables for  500 then you will realize why farmers are protest.,2021-01-26T06:35:58Z,2021-01-26T06:35:58Z
,,,,,Pramit Chakraborty,"@Sukhbir Singh I will accept any challange like that. I always like a good debate based on fact figures and embedded in the social reformistic approach. Rather then a political hornblower one must actually look for the benefit of the people of this land. I haven&#39;t met a single person till date who have pointed out that the whole reform being made by the farm bill is going to be a loss for the farmers. <br>Remember you are opposing a lifeline to the farmers. Remember for Every farmer suicide, Every children kept without a parent , every hungry stomach you will have yourself to blame.",2021-01-26T06:38:38Z,2021-01-26T06:38:38Z
,,,,,Pramit Chakraborty,@Mansher singh Dhugga That is already happening by APMCs. Tomato sold by farmers at Rs. 8 per kg is being sold to us at Rs 45. Ya we are already being exploited by a monopolistic system. Competition is the way forward. Jio is the best example.,2021-01-26T06:40:08Z,2021-01-26T06:40:08Z
,,,,,shubham sharma,"@Mansher singh Dhugga what about the large chunk of wealth consumed by middlemen, ain&#39;t u wary of it, was there any need to call on Nihangs over there, is it a religious crusade, is there any need of raising khalistan slogans over there",2021-01-26T07:11:31Z,2021-01-26T07:11:31Z
,,,,,Infinity IN,@shubham sharma Haha He Wouldn&#39;t Ask about Middleman üòÇ. because He is Himself Middleman,2021-01-26T07:31:14Z,2021-01-26T07:31:14Z
,,,,,Mansher singh Dhugga,"@shubham sharma means you can trust what godi media is saying on TV , bolne main aur karne main farak Hota hai which india already has example of manmohan as compared to modi. In Manmohan time GDP increased than also media that time don&#39;t even stop for a second asking them questions why he is not speaking and today not even a single question to modi as they are getting lot of money from him.",2021-01-26T07:37:10Z,2021-01-26T07:37:10Z
,,,,,Ekta Singh,@Mansher singh Dhugga you are getting cheapest 4g mobile data in the world till now.. when competition is there no one can charge you this much.. if one company will charge high then other would come up with less price.. use your brain slightly,2021-01-26T07:53:16Z,2021-01-26T07:53:16Z
,,,,,Ekta Singh,@Mansher singh Dhugga even during Modi reign GDP grew although I am not defending him as his certain laws were disastrous but questioning manmohan singh was right as he was responsible for so many scams.. also congress themselves wrote on their manifesto to bring this act so don&#39;t bring congress vs BJP things here,2021-01-26T07:58:25Z,2021-01-26T07:58:25Z
,,,,,shubham sharma,"@Mansher singh Dhugga I m not trusting Godi media, Even NDTV was sponsored by Leftist ideology and was inaugurated  by UPA alliance  in PM office, so by that means NDTV is also a Godi media, I believe in Groud Reality and belongs to Rohtak Haryana, I have encountered thousands of Sikhs promoting violence and demeaning Hinduism, Indira Gandhi ko maar dia tha ab Modi Teri baari h ye slogans tumhare Sikho ki hi dain hai, MATLAB jo tumhare against jaaye use Godi media label krdo, Aur hn 90% ko to vaha Farm bills Ka rudiments bhi nai pata vaha, janab impartial hone ki jrurat h aapko Harnek Singh Neki ek damdaar Banda h üëç",2021-01-26T08:08:49Z,2021-01-26T08:09:59Z
,,,,,Pankaj Mishra,Just tell me what is wrong in new farmer act,2021-01-26T08:33:36Z,2021-01-26T08:33:36Z
,,,,,Avijit Modi,"If farmers protest against the BJP government, they are Khalistani.<br>If Students protest against the BJP government then they are terrorist.<br>If any Muslim protest against the BJP government, they are Pakistani.<br>If any Hindu protest against the BJP government, they are Anti-national.<br>If Bengali people protest against the BJP government, then they are Bangladeshi.<br>If North East people protest against the BJP government, they are Chinese.<br><br>So basically, you need to support BJP to be a good Indian Hindu, everyone opposing BJP are not Indian.",2021-01-26T11:10:55Z,2021-01-26T11:10:55Z
,,,,,arjun 11,@Avijit Modi it by  only said ny <br>Dhru and akash banerjee,2021-01-26T11:32:03Z,2021-01-26T11:32:03Z
,,,,,Aarushi Purohit die heart fan of BTS,@Gaurav Sharma correct,2021-01-26T16:12:22Z,2021-01-26T16:12:22Z
,,,,,Avneet Prahladi,"@Ekta Singh yes there were scams but we never had so much of unrest, instability before.",2021-01-26T16:12:32Z,2021-01-26T16:12:32Z
,,,,,Aarushi Purohit die heart fan of BTS,@Pramit Chakraborty nothing in sab ko toh bas desh me highlight hona h ki sab in farmers ki baat hi sune iseleye yeh protest kr rhe h,2021-01-26T16:14:02Z,2021-01-26T16:14:02Z
,,,,,Avneet Prahladi,@Avijit Modi that is the problem. bjp doesn&#39;t believe in democracy and secularism. if you ask questions from govt you will be put behind bars.,2021-01-26T16:15:50Z,2021-01-26T16:15:50Z
,,,,,jagadeesh k s,"No buddy its india,",2021-01-26T18:32:55Z,2021-01-26T18:32:55Z
,,,,,Avijit Modi,"We did not had such religious turmoil pre 2014‚Ä¶ last 6 years we saw so much of hate against each other, previously I used to believe that if someone is in trouble we indians whole heartedly go to the person and help him, now the situation is, if a person is in trouble then people will ask his religion 1st. So much of hatred is filled for other religions by BJP. India used to be a diversified country where all religion lived peacefully now it is just the opposite. BJP and RSS ruined the essence of humanity. Why can&#39;t we chant Jai Shree Ram and at the same time Pray to Jesus Christ, go to a gurudwara and say Waheguru da khalsa waheguru di fateh and also fold ur hand to Allah, we all know god is one with different names and reincarnations so basically if we pray to one that means we are praying to all of the gods. Do you think Shree Ram would have said some wrong words to a person following different religion? So who are we to differentiate?",2021-01-26T19:16:06Z,2021-01-26T19:16:06Z
,,,,,psycho person,@Infinity IN just checkout about farms bills then say anything,2021-01-27T03:55:25Z,2021-01-27T03:55:25Z
Simran Bhogal,support farmers,2021-01-26T04:38:14Z,1,0,,,,
Somnath Singh,Delhi is fortified with Army . Keep dreaming fake farmers.,2021-01-26T04:35:54Z,2,5,,,,
,,,,,tanvi ambekar,Rss se ganja ffuk ke aaye ho kya,2021-01-26T04:37:46Z,2021-01-26T04:37:46Z
,,,,,Nishant,Aree shi bol rhe ho aap toh,2021-01-26T04:41:03Z,2021-01-26T04:41:03Z
,,,,,Somnath Singh,I m Hindustani nd I ganja kabhi Liya nhi hu . R u secular Anti India breaking forces ??,2021-01-26T05:01:47Z,2021-01-26T05:01:47Z
,,,,,Nishant,@Somnath Singh  bhai inki aadat h logo ko tag dene kk,2021-01-26T05:13:35Z,2021-01-26T05:13:35Z
,,,,,Somnath Singh,Republic Day program is over !!!,2021-01-26T07:35:17Z,2021-01-26T07:35:17Z
Yasir Khan,"bhot badiya,",2021-01-26T04:35:33Z,2,0,,,,
Somnath Singh,Where is the video of broken barrikade ???,2021-01-26T04:33:04Z,14,1,,,,
,,,,,Shubham Kumar,twitter par check kar mil jayega.,2021-01-26T08:48:42Z,2021-01-26T08:48:42Z
Md Pal,Farmers are important than modi and his team of modiots  for the country.. Jai kisan,2021-01-26T04:31:14Z,70,3,,,,
,,,,,Avinash Verma,‡§™‡§ø‡§Ç‡§ö‡§∞ ‡§µ‡§æ‡§≤‡•á ‡§ï‡§¨ ‡§∏‡•á ‡§ï‡§ø‡§∏‡§æ‡§® ‡§π‡•ã ‡§ó‡§è,2021-01-26T05:52:49Z,2021-01-26T05:52:49Z
,,,,,Deep Patel,@Avinash Verma Canada wale kabse kissan ho gayeüòÇüòÇüòÇ,2021-01-26T07:50:16Z,2021-01-26T07:50:16Z
,,,,,Common Man,Aadti kabse kisan ho gaye,2021-01-26T08:44:30Z,2021-01-26T08:44:30Z
Daimari G,Tor do barricade,2021-01-26T04:29:47Z,1,0,,,,
Manishh kumar,Sabash mere shero... Dil khus kr diye aplogo ne..,2021-01-26T04:29:10Z,7,1,,,,
,,,,,refaze,Dil khush krdiya tricolour flag ko insult karke?,2021-01-26T13:56:52Z,2021-01-26T13:56:52Z
Vijaya Buji,We support farmers,2021-01-26T04:24:42Z,1,0,,,,
Syed Haris,You tested their patience for 60 days in deadly cold.....!,2021-01-26T04:11:22Z,134,56,,,,
,,,,,Default Guy,and they tested the govt patience. don&#39;t cry if people get killed,2021-01-26T05:49:19Z,2021-01-26T05:49:19Z
,,,,,Soonya Naidu,@Default Guy so we shoot our own people?<br>It&#39;s a democracy. <br>Mrs Gandhi alo felt very powerful with 300+ seats. <br>None can stand before peoples power.,2021-01-26T05:50:47Z,2021-01-26T05:50:47Z
,,,,,Dheeraj Thakur,@Soonya Naidu we shoot those who are danger for others.,2021-01-26T05:57:12Z,2021-01-26T05:57:12Z
,,,,,Default Guy,@Soonya Naidu it&#39;s a democracy not a banana republic. In a democracy law and order should be maintained and anarchists should be shot.,2021-01-26T05:57:46Z,2021-01-26T05:57:46Z
,,,,,Dheeraj Thakur,@Default Guy ravish kumar will maintain law and order from ndtv news room.,2021-01-26T05:59:39Z,2021-01-26T05:59:39Z
,,,,,Yuvi,@Default Guy what democracy? The way farm bills were passed in raj sabha was totally undemocratic,2021-01-26T06:02:22Z,2021-01-26T06:02:22Z
,,,,,Default Guy,@Yuvi there was nothing undemocratic about it. It was passed as per the constitution.,2021-01-26T06:07:31Z,2021-01-26T06:07:31Z
,,,,,MaveroX,@Default Guy you are such a try hard!<br>my question how long are you gonna be this way?<br>(rhetorical),2021-01-26T06:19:30Z,2021-01-26T06:19:30Z
,,,,,Blender,@Default Guy don&#39;t cry for your father modi,2021-01-26T06:20:41Z,2021-01-26T06:20:41Z
,,,,,Blender,"@Default Guy chl na 1rupe per comment wale troll,,,gandi nakli ke kidde",2021-01-26T06:21:14Z,2021-01-26T06:21:14Z
,,,,,Blender,"@Shaurya Joshi ha farm bill bhi kisano n pass kiye honge,,,,,chl na chaman chutiyea",2021-01-26T06:22:16Z,2021-01-26T06:22:16Z
,,,,,Blender,@Default Guy acha beta democracy ki definition pta h tuze gandu.......farm bill kese pass kiye gaye the chootiye pta kr,2021-01-26T06:23:43Z,2021-01-26T06:23:43Z
,,,,,Default Guy,@MaveroX forever this way.,2021-01-26T06:24:07Z,2021-01-26T06:24:07Z
,,,,,Blender,@Default Guy chl na gandu teri skl dekh sise me,2021-01-26T06:24:58Z,2021-01-26T06:24:58Z
,,,,,Default Guy,@Dark Queen there is no question of justice here if they are doing anarchy.,2021-01-26T06:24:58Z,2021-01-26T06:24:58Z
,,,,,Default Guy,@Blender u don&#39;t cry for ur khalistani father. 1rs tere jaise chamche pappu kamate hai. humari chinta mat kar. Delhi me GK me rehne ke liye hi tumhari 7 figure income monthly honi chahiye.,2021-01-26T06:26:32Z,2021-01-26T06:26:32Z
,,,,,Default Guy,@Blender tu mujhe bataega constitution 10th fail. Jake kheti kar zaada dimag pe zor mat daal.,2021-01-26T06:29:07Z,2021-01-26T06:29:07Z
,,,,,Anurag Vaibhav,No need to tell anyone who is wrong who is right...they will understand who was right when they themselves undergo the same situation.,2021-01-26T06:29:52Z,2021-01-26T06:29:52Z
,,,,,Avinash M,@Default Guy lol don&#39;t worry they won&#39;t be power in next elections if they did,2021-01-26T06:32:37Z,2021-01-26T06:32:37Z
,,,,,Default Guy,"@Dark Queen which anarchy has been done by the govt? is any protestor shot yet, even though these so called anarchists have driven their tractors over police, broken barricades, burnt the Indian PM&#39;s figurines, destroyed private business assets, abused the prime minister of India in global networks, blocked economic passage by blocking business routes and traffic. Who are the anarchists here, use some of ur useless brain.",2021-01-26T06:34:14Z,2021-01-26T06:36:06Z
,,,,,Default Guy,@Avinash M u just see they&#39;ll be in power anyway. keep crying then.,2021-01-26T06:35:16Z,2021-01-26T06:35:16Z
,,,,,Blender,@Default Guy even I am not a sikh.......ur father from haryana hahahahahahahaha chl na chootiye,2021-01-26T06:41:52Z,2021-01-26T06:41:52Z
,,,,,Blender,@Default Guy jatt se teri itni jeli kyo h beta,2021-01-26T06:49:32Z,2021-01-26T06:49:32Z
,,,,,Avinash M,@Default Guy dumb Bhakt people won&#39;t be fooled all time lol<br>Don&#39;t worry Govt is not permanent and every dog has its day,2021-01-26T06:50:14Z,2021-01-26T06:50:14Z
,,,,,Blender,@Default Guy itna he savidhan ke bare me pta h to article 21 ke bare me bta gandu,2021-01-26T06:51:05Z,2021-01-26T06:51:05Z
,,,,,Blender,@Default Guy hum jiske khilaf hote h uske faatt jati h jese ab teri fatt rhi h beta,2021-01-26T06:51:49Z,2021-01-26T06:51:49Z
,,,,,Blender,@Default Guy <b>jat ka itihas he bharat ka itihas h</b> ye jat regiment ka slogan h beta,2021-01-26T06:52:44Z,2021-01-26T06:52:44Z
,,,,,Yuvi,@Default Guy oe modi ke tatte sara kuch hi undemocratic tha bills pass krne me opposition ne counting votes ki mang ki thi lekin speaker saab ne voice voting se bills  pass kar deye agar counting hoti tu bills pass hi nhi ho skte the kio ki bjp ke pass raj sabha me majority nhi hai,2021-01-26T06:53:05Z,2021-01-26T06:53:05Z
,,,,,killltt rygƒ£gh,@Blender ajeeb lodu hai bhai tu,2021-01-26T06:53:08Z,2021-01-26T06:53:08Z
,,,,,Default Guy,@Yuvi abe gawar pehle rajya sabha legislative procedure padh le. ye bilkul correct method hai bill pass karne ka.,2021-01-26T07:04:21Z,2021-01-26T07:04:21Z
,,,,,Blender,@Default Guy tera baap upsc me interview tak pauch chuka h ab dekh le teri okat beta,2021-01-26T07:22:26Z,2021-01-26T07:22:26Z
,,,,,Blender,@killltt rygƒ£gh or tu chaman chootiye,2021-01-26T07:23:12Z,2021-01-26T07:23:12Z
,,,,,Default Guy,@Blender lol abe chutiye main already IAS me hu. tera baap 2018 se UP cadre me hai.,2021-01-26T07:25:28Z,2021-01-26T07:25:28Z
,,,,,Dr Doom,@Default Guy bandh Kar lauda,2021-01-26T07:27:34Z,2021-01-26T07:27:34Z
,,,,,Default Guy,"@Dr Doom apne baap ko lauda bolta hai, izzat se baat kar lodu.",2021-01-26T07:30:54Z,2021-01-26T07:30:54Z
,,,,,Dr Doom,@Default Guy I can&#39;t what u will do cry before me‚ú®,2021-01-26T07:36:49Z,2021-01-26T07:36:49Z
,,,,,Deep Patel,"@Soonya Naidu can you explain why are you on farmer&#39;s side? Don&#39;t give useless explaination that we are dependent on farmers and all. These are just northern side farmers. What about southern, western, eastern farmers. They are the real farmers",2021-01-26T07:37:12Z,2021-01-26T07:37:12Z
,,,,,Dr Doom,@Deep Patel southern states protested today....in solidarity with them evrywhr today there were protests....watch local channels instead of talking rubbish,2021-01-26T07:52:05Z,2021-01-26T07:52:05Z
,,,,,Default Guy,@Dr Doom lol khalistani channels ka propaganda dekhne ke bajaye National news dekha kar lode.,2021-01-26T08:15:15Z,2021-01-26T08:15:15Z
,,,,,825_Mohit,@Soonya Naidu yeah we shoot nobody destroys india property or we will destroy their homes. Happy republic day,2021-01-26T08:39:44Z,2021-01-26T08:39:44Z
,,,,,Default Guy,"@Dark Queen yes i can&#39;t explain use of tear gas on anarchists who have driven their tractors over forces and destroyed public as well as private property. It&#39;s too late for tear gas, it&#39;s time to shoot them instead. <br><br>Also for ur information, the anarchists are throwing stones and those shells back on forces. It&#39;s not that they are peacefully standing there. It&#39;s just astonishing the level of blindness to bullcrap you commies have.",2021-01-26T08:41:15Z,2021-01-26T08:41:15Z
,,,,,Default Guy,"@Dark Queen yeah when u guys have no real answers then you avoid the questions with these tactics. They won&#39;t work anymore lol. Stop moving around the bush, answer the questions. lol",2021-01-26T08:49:47Z,2021-01-26T08:49:47Z
,,,,,Default Guy,@Dark Queen lol tax don&#39;t u know farmers don&#39;t pay tax.,2021-01-26T09:07:41Z,2021-01-26T09:07:41Z
,,,,,Default Guy,@Dark Queen u guys are just illogical fools blind with hatred for the central govt and have no idea about economy. You think these fools paid for public/private property. Lol in ur dreams.,2021-01-26T09:08:59Z,2021-01-26T09:08:59Z
,,,,,Default Guy,@Dark Queen Lol a CA student doesn&#39;t understand who pay taxes. omg such a waste.,2021-01-26T09:17:49Z,2021-01-26T09:17:49Z
,,,,,Default Guy,"@Dark Queen hahahah really how many farmers earn above 50 lacs? do u have a figure. I&#39;m in the Indian administrative service and have many friends in the IRS, let me give u a number - less than 0.1%",2021-01-26T09:23:32Z,2021-01-26T09:23:49Z
,,,,,Default Guy,@Dark Queen Just read sec 10(1) of the IT Act u dumbo.,2021-01-26T09:25:20Z,2021-01-26T09:25:20Z
,,,,,Default Guy,"@Dark Queen hahaha and now tell me if they are not so rich how come they afford all the diesel to travel in their tractors such long distances, how come they are affording so many foot massagers and daily langars, how come they are affording BMWs and Mercedes with pictures where a so called farmer is reading his morning paper on top of a BMW SUV. Lol still think they are farmers, if yes then only God can help u.",2021-01-26T09:29:55Z,2021-01-26T09:29:55Z
,,,,,Default Guy,@Dark Queen and yet u were bullshitting till now. it&#39;s a good decision of yours to stop bullshitting now.,2021-01-26T09:32:06Z,2021-01-26T09:32:06Z
,,,,,Shubham Srivastava,"@Soonya Naidu If i were a PM of India or CM of delhi, i&#39;d have blackout whole delhi and media and free police forces to handle situation in their way no matter if they kill them all. A farmer who feed nation can&#39;t damage their properties but funded criminals can üò°",2021-01-26T10:49:16Z,2021-01-26T10:49:16Z
,,,,,Vishal,"@Soonya Naidu what about. When normal people  have lost internet connection,they are facing problem,they are not farmer they are terriorist ,and we should shoot them in encounter",2021-01-26T11:12:33Z,2021-01-26T11:12:33Z
,,,,,Dheeraj Thakur,It was all planned khalistan movement..<br>Farm protest was just a mask to hide intention,2021-01-26T12:17:00Z,2021-01-26T17:25:24Z
,,,,,Default Guy,"@Shubham Srivastava Don&#39;t say they are feeding the nation, they are not. They are just doing their business, it&#39;s not a service. They know nothing else than farming. Teach them something that can earn them 10 times better than farming, they&#39;ll leave it the next day.<br><br>It&#39;s capitalism, they do their work and we pay them what they ask. It may be less as per them but they sell to those who pay them higher. So don&#39;t ever doubt that they are doing any kind of service for the nation or they are worrying who is sleeping empty stomach in the cities, they aren&#39;t.",2021-01-26T12:21:05Z,2021-01-26T12:22:13Z
,,,,,K H Rao,@Yuvi pustakalu chaduvu gyanam penchukho leka pothe gadida la migili potavu,2021-01-26T14:43:36Z,2021-01-26T14:43:36Z
,,,,,Avneet Prahladi,@Dheeraj Thakur at the moment you are sounding dangerous,2021-01-26T16:18:41Z,2021-01-26T16:18:41Z
,,,,,Dheeraj Thakur,"@Avneet Prahladi jhanda toa lag gaya ab law wapas karwalo.<br>Perception  is every thing, now whatever government were saying all along seems to be true.<br>Look at the crowd size in red fort",2021-01-26T17:25:55Z,2021-01-26T17:28:05Z
ALOK MEHTA,Every MC in this wud remember it for lifetime....Modiji unleash hell,2021-01-26T04:10:54Z,0,1,,,,
,,,,,b y,Modi ji is a shrewd politician.<br>He is waiting for clouds to strike these farmers.,2021-01-26T04:34:14Z,2021-01-26T04:34:14Z
Vel Murugan,"we&#39;ve seen enough and more paid actors and trouble-makers planted among law-abiding peaceful protestors. The enemy is cunning, conniving and constantly scheming against us.",2021-01-26T04:08:32Z,0,0,,,,
P B,Fallen INDIA under NDA goverment .,2021-01-26T04:06:02Z,7,7,,,,
,,,,,Nishant,I can‚Äôt see that. India is doing tremendously well in every sector - according to IMF. I don‚Äôt know from where you brought this up brother. Look at the numbers.,2021-01-26T04:42:23Z,2021-01-26T04:42:23Z
,,,,,Ravi Romana,"@Nishant sorry bhai, hum whatsapp University ke students nhi hain, so shayad humari knowledge adhoori ho",2021-01-26T04:44:57Z,2021-01-26T04:44:57Z
,,,,,Nishant,@Ravi Romana journal h ispe bhai.. please go and watch . Stop behaving like 8 year old kid.,2021-01-26T04:47:51Z,2021-01-26T04:47:51Z
,,,,,Ravi Romana,"@Nishant chal bhai mera ho gya , mere paas bahut kaam hai, mujhe comments mein hugne ke paise nhi milte kuchh logon ki trah",2021-01-26T04:52:50Z,2021-01-26T04:52:50Z
,,,,,Jatin Final58,"@Ravi Romana as much as I hate communalism, commies and leftists don&#39;t have any manifesto except live and let live (meaning you do and let us do(corruption)).",2021-01-26T05:58:20Z,2021-01-26T05:58:20Z
,,,,,refaze,Did u really say fallen india.....india is getting this much respect from every corner of the world coz of modi.....if modi weren&#39;t the pm...india would have no respect today....,2021-01-26T14:16:18Z,2021-01-26T14:16:18Z
,,,,,Karan Sharma,@Ravi Romana kanhaiyya kumar ke bhakt ho ü§£ü§£,2021-01-26T23:14:26Z,2021-01-26T23:14:26Z
Dheeraj Thakur,"In the name of protest they are creating violence.<br>Let them block delhi, once supply would stop, these pretending farmer would.loose all the support.",2021-01-26T04:03:59Z,3,20,,,,
,,,,,Naveen S,Stop eating food.,2021-01-26T04:05:43Z,2021-01-26T04:05:43Z
,,,,,Dheeraj Thakur,@Naveen S free mai nahi khata.<br>Paise se leta hu.,2021-01-26T04:06:43Z,2021-01-26T04:08:23Z
,,,,,Nishant,@Naveen S haa only these 1 lac kisan are giving food to rest of the India? Humara khana businessman farmer se aata h,2021-01-26T04:06:54Z,2021-01-26T04:06:54Z
,,,,,Dheeraj Thakur,Itne farmer hain ke koi Agar nahi bechega toa koi dusra bechega.,2021-01-26T04:09:41Z,2021-01-26T04:09:41Z
,,,,,Dheeraj Thakur,@aditya roy tere comment se ghnta koi fark padta hai?,2021-01-26T04:10:57Z,2021-01-26T04:10:57Z
,,,,,Dheeraj Thakur,40 lakh ka tractor le ke aye hai fir bhi inko   bathroom mai hagne ke liye bhi subsidy chahiye,2021-01-26T04:13:13Z,2021-01-26T04:13:13Z
,,,,,Dheeraj Thakur,Government is also useless. Instead of giving subsidy to big farmer they should give it to only small farmer.,2021-01-26T04:14:31Z,2021-01-26T04:14:31Z
,,,,,SUKHDIIP KAAUR,"Dheeraj Thakur Bhai Khud ka Uga k khale ,paiso k b zroorat nhi",2021-01-26T04:15:45Z,2021-01-26T04:15:45Z
,,,,,SUKHDIIP KAAUR,Dheeraj Thakur tum kitchen mein hagte ho,2021-01-26T04:16:44Z,2021-01-26T04:16:44Z
,,,,,Dheeraj Thakur,"@SUKHDIIP KAAUR aap khud ka electricity banalo, sabji sale mut karo fir ugalenge",2021-01-26T04:24:03Z,2021-01-26T04:24:21Z
,,,,,Dheeraj Thakur,"@Trade 4 Tomorrow then why they need msp or any subsidy? Free mai toa nahi atai, tax se milta hai.<br>What about small farmers? They are majority they deserve msp not these big farmers<br>Ye log toa income tax bhi nahi dete.",2021-01-26T04:26:41Z,2021-01-26T04:28:40Z
,,,,,Abdul Kium Molla,A bogus guy,2021-01-26T05:04:47Z,2021-01-26T05:04:47Z
,,,,,Dheeraj Thakur,@Abdul Kium Molla begane ke shadi mai Molla diwana. Ha ha,2021-01-26T05:07:47Z,2021-01-26T05:07:47Z
,,,,,Bindu Denny,From today onwards stop eating food.,2021-01-26T05:24:07Z,2021-01-26T05:24:07Z
,,,,,Dheeraj Thakur,"@Bindu Denny why? Kisan bechana band kar rahe hain kya?<br>Oh mai toanbhul gaya farmer in punjab can&#39;t sale directly, unko toa pehle dalal ko commission dena hota hai.",2021-01-26T05:31:15Z,2021-01-26T05:35:35Z
,,,,,Aadarsh,@Dheeraj Thakur bro don&#39;t waste your energy with these morons .... They are good for nothing .,2021-01-26T05:49:46Z,2021-01-26T05:49:46Z
,,,,,Aadarsh,"@Dheeraj Thakur bol rhe hai khaana chor do.... idiots.. Seeds , transport , fertilizer , electricity , water pump , low interest loans sbme subsidy milti hai wo aati hai hmare tax ke  paise se phir itna sb krne ke baad v sarkar MSP pe inse kharede v ...",2021-01-26T05:56:19Z,2021-01-26T05:56:19Z
,,,,,Naveen S,@Shaurya Joshi same applies to you. Stop eating our money.,2021-01-26T06:10:02Z,2021-01-26T06:10:02Z
,,,,,Naveen S,"@Shaurya Joshi le... When bhakths are fed up eating and using gobar as food and money, they will tell everyone to do the same.... Stop wasting our hard earned money on statues and central vista..... I support the Indian farmer strike... JAI HIND.",2021-01-26T06:32:05Z,2021-01-26T06:32:05Z
,,,,,Dheeraj Thakur,@Priyojit chatterjee any way now whole protest has lost the cause. Now they won&#39;t be able to negotiate farm law,2021-01-26T12:11:28Z,2021-01-26T12:11:28Z
‡ÆÆ‡ØÅ‡Æ§‡Æ≤‡ÆÆ‡Øà‡Æö‡Øç‡Æö‡Æ∞‡Øç ‡Æú‡ØÄ‡Æµ‡Ææ‡Æ©‡Æ®‡Øç‡Æ§‡ÆÆ‡Øç,<i>‚ô•Ô∏è‚ô•Ô∏èNext Prime Minister of INDIAüáÆüá≥= MASTER ‡Æö‡ØÜ‡Æ®‡Øç‡Æ§‡ÆÆ‡Æø‡Æ¥‡Æ©‡Øç ‡Æö‡ØÄ‡ÆÆ‡Ææ‡Æ©‡ØçüíØ‚úîüëçüèø</i>,2021-01-26T04:00:39Z,0,0,,,,
Yousuf K,Support farmers protest,2021-01-26T03:59:59Z,7,0,,,,
jaggi sam,Food eater thing twice before eating food where it is coming...,2021-01-26T03:55:17Z,9,5,,,,
,,,,,Tera Dost,Chutiye bahut hui blackmailing Africa se is se saste main import karva sakte haim,2021-01-26T04:06:21Z,2021-01-26T04:06:21Z
,,,,,Syed Haris,@Tera Dost don&#39;t make foolish comments,2021-01-26T04:08:48Z,2021-01-26T04:08:48Z
,,,,,Nishant,Haa humara aata aashirwaad se aata h or sabjia hum log apne garden m lgate h toh ye blackmail krna bnd kro,2021-01-26T04:43:37Z,2021-01-26T04:43:37Z
,,,,,jawed hussain khan,@Nishant not everyone is like you so be mature before commenting garbage in the comments section.,2021-01-26T04:55:37Z,2021-01-26T04:55:37Z
,,,,,Nishant,"@jawed hussain khan i am just speaking truth man. Stop behaving like kids. Do you even know the percentage of budget goes into agricultural subsidy? Almost 45% and their contribution to gdp? Just less than 7% . Why they don‚Äôt want any reform, it‚Äôs not 19‚Äôs India. If we have to compete with big powers we need to adapt change and sab adapt kr rhe h. My brother is in army and last year his income tax rose by 10% but they didn‚Äôt do any protest but adapt themselves and find somw lucrative middle way for the peace of nation. Koshish krne se hota h sab, bhaviysevaani krne se ni ki ye ho jayega wo ho jayega.. abee saala try toh kro at least 6 months phir btho road p or phir pura desh tumhare sath hoga.",2021-01-26T06:11:53Z,2021-01-26T06:11:53Z
Nishant,"Go to DD national, republic parade is going on . <br><br>Happy Republic Day ‚ô•Ô∏èüôèüáÆüá≥",2021-01-26T03:51:19Z,3,0,,,,
kanth B,Jai kisaan,2021-01-26T03:46:08Z,4,0,,,,
Bad BuNny,Kissano humara bhi raqt apke liye kurbaann btaye hume,2021-01-26T03:45:40Z,11,1,,,,
,,,,,refaze,"Congress and Pak-supported terrorists in the guise of farmers were behind the incident of storming into Red Fort in New Delhi,Unable to bear the good governance of Narendra Modi, Congress is desperate and hence supporting the protestors",2021-01-26T14:13:48Z,2021-01-26T14:13:48Z
Nishant,Wow! Aajkl pseudo librandus law and order ko bekh khayenge,2021-01-26T03:41:59Z,2,3,,,,
,,,,,Nishant,@Trade 4 Tomorrow acha ye bhi kaam unse sanghi hi krwa rhe h..,2021-01-26T04:31:16Z,2021-01-26T04:31:16Z
,,,,,b y,@Nishant yellow leaky chaddi babu ? ü§£ü§£ü§£,2021-01-26T04:35:34Z,2021-01-26T04:35:34Z
,,,,,Nishant,"@b y meri kya leakege, mein toh bs mere law and order ki fikr kr rha tha. Jisko jo krna h wo kro",2021-01-26T04:46:41Z,2021-01-26T04:46:41Z
G Singh,Just wait and see andhbaktoo.. It&#39;s starting üòÇüòÇüòÇ,2021-01-26T03:41:36Z,76,35,,,,
,,,,,The Madbhai,Itna maza aaye re farmers protest acchi se ho jaye reüòÇ,2021-01-26T04:36:44Z,2021-01-26T04:36:44Z
,,,,,G Singh,@The Madbhai don&#39;t worry.. Aaj bahut kush hoga.. Pura India yaad rakega yeh Independence Day koh üòÇüòÇüòÇ,2021-01-26T04:41:26Z,2021-01-26T04:41:26Z
,,,,,harsahai singh,@G Singh independence day ya republic day bai?,2021-01-26T04:42:24Z,2021-01-26T04:42:24Z
,,,,,G Singh,@harsahai singh don&#39;t know Wat is that.. But aaj da din historical ban jana ehna wastey.. We are ready üí™üí™üí™,2021-01-26T04:47:38Z,2021-01-26T04:47:38Z
,,,,,pratik mazumdar,@G Singh  waah ee waah. Independence day? Padhai kar le thoda phir bhokne aana,2021-01-26T04:54:57Z,2021-01-26T04:54:57Z
,,,,,muqtar ahmed,@pratik mazumdar arey Bhakt..... Independence from BJP and Andh Bhakt.... <br>BTW Happy Republic Day. üòÇüòâ,2021-01-26T05:07:41Z,2021-01-26T05:07:41Z
,,,,,vinod singh,@G Singh . Per veer aaj tta Republic day hai India da tu c Independent Day kadou aaj manaogei ? üôè,2021-01-26T05:16:34Z,2021-01-26T05:16:34Z
,,,,,Chhawi Gupta,@G Singh Wow.<br>You don&#39;t even know this.<br>Total shame!,2021-01-26T05:17:19Z,2021-01-26T05:17:19Z
,,,,,vinod singh,@muqtar ahmed .  Bhai Thank You For Correction üôè,2021-01-26T05:17:31Z,2021-01-26T05:17:31Z
,,,,,Chhawi Gupta,@muqtar ahmed Correction required brother.<br>There is no such Independence happened!<br>You are still dependent on bjp.,2021-01-26T05:20:00Z,2021-01-26T05:20:00Z
,,,,,YuviSG,@muqtar ahmed Nice dream and how are you planning to beat the government which got 303 seats in the centre election alone while its main opposition only got 52 seats. Just Wondering ü§£,2021-01-26T05:27:57Z,2021-01-26T05:27:57Z
,,,,,dilapna punjabi,"@YuviSG Read the story of Napolean, Hitler, Indira Gandhi, Gaddafi .. U will get your answer.",2021-01-26T05:32:30Z,2021-01-26T05:32:30Z
,,,,,G Singh,@vinod singh I&#39;m American Sikh.. I really don&#39;t know Republic Day or whatever.. We just knows Indian government bahut galat kar rahi aa farmers naal..,2021-01-26T05:37:14Z,2021-01-26T05:37:14Z
,,,,,Creativity06,"@muqtar ahmed bjp se toh agle 50 saal tak independence nahi milegi, toh pakistan jaane ke liye taiyar ho na?",2021-01-26T05:37:55Z,2021-01-26T05:37:55Z
,,,,,G Singh,@Chhawi Gupta we don&#39;t wanna know about this stupid government.. U just wait until evening.. Then we will show to you all andhbaktoo koh..,2021-01-26T05:38:51Z,2021-01-26T05:40:00Z
,,,,,YuviSG,@dilapna punjabi If I am not mistaking after Indra Gandhi was assassinated Congress won more than 400 seats. I am from Punjab and I know BJP won&#39;t win any seats from Punjab (Just like in 2019 election) BJP have total domination over central India West India North East India<br>JK and Ladakh Upper south India<br>Lower North India :-) You will ask any economist or economics students most of them will support these bills with ammendments. We live in democracy everyone have a right to speech but I think you should read these bills again,2021-01-26T05:40:23Z,2021-01-26T05:40:23Z
,,,,,Raja ji,@muqtar ahmed kya mtlb h tera inn sb se.  Jb puncture ki dukan k liye bill aaye toh tu bolna.. faltu m har jagah ghusna h..   kahi uda de khud ko üòÇüòÇ,2021-01-26T05:47:47Z,2021-01-26T05:47:47Z
,,,,,Chhawi Gupta,"@G Singh Aree who told you that republic day is related to bjp.<br>C&#39;mon dude, it&#39;s a historic day and that&#39;s a basic.",2021-01-26T05:51:09Z,2021-01-26T05:51:09Z
,,,,,Chhawi Gupta,"@G Singh Hehehe.<br>You had completely mistaken it.<br>Don&#39;t categorized us as andhbhakts, i am sane and judge with rationality.<br>So don&#39;t üôÉ",2021-01-26T05:52:12Z,2021-01-26T05:52:12Z
,,,,,vinod singh,@G Singh . Veer ji Sat Shri Akal üôè tuhadhei vargei veer sadhei naal ne. Waheguru ji tuhanu Chardikala vich Rakhan üôè,2021-01-26T05:52:17Z,2021-01-26T05:52:17Z
,,,,,Jatin Final58,"@G Singh lol i support famers, but this is height of ignorance. If you don&#39;t know when&#39;s republic Day and independence day the how do you know farm bills are bad? If famers in punjab continue to grow wheat and paddy with no crop rotation under incentives of msp and subsidy, it will lead to desertification of Punjab in less than 10 years. Then what will Indian farmers do?",2021-01-26T05:55:27Z,2021-01-26T05:55:27Z
,,,,,G Singh,@Chhawi Gupta so you should support with us.. Don&#39;t become racist.. Support with farmers.. And say jai kisaan.. Jai Punjab,2021-01-26T05:56:02Z,2021-01-26T05:56:02Z
,,,,,Dheeraj Thakur,@Shaurya Joshi kuch bhi kar lo sona punjab ek din banjar punjab ban jayega fir yehi log tractor taxi chalenge,2021-01-26T06:01:19Z,2021-01-26T06:01:19Z
,,,,,Dheeraj Thakur,kuch bhi kar lo sona punjab ek din banjar punjab ban jayega fir yehi log tractor taxi chalenge,2021-01-26T06:02:35Z,2021-01-26T06:02:35Z
,,,,,G Singh,@Dheeraj Thakur Oyee ghay kaa muutar piney walo.. Tum log bhool Gaye ho. Agar Sikh naa hotey toh aaj tum log apne baap koh abbaa bol rahe hotey.. Aur tumarey baap afgani hotey..,2021-01-26T06:07:49Z,2021-01-26T06:07:49Z
,,,,,G Singh,@Shaurya Joshi aa jaoo Delhi mein.. Dektey hain fer tumari ghauu mata Key muutar ki power..,2021-01-26T06:11:20Z,2021-01-26T06:11:20Z
,,,,,G Singh,@Shaurya Joshi I&#39;m here in Delhi.. Tuu aa jaha saley,2021-01-26T06:26:47Z,2021-01-26T06:26:47Z
,,,,,Dheeraj Thakur,@G Singh guru ke respect kerte hain nahi toa bahut kuch bol sakte hai,2021-01-26T06:28:49Z,2021-01-26T06:28:49Z
,,,,,Dheeraj Thakur,@G Singh tu toa fake sikh hai. Bina pag ke kaunsa sikh hota hai?,2021-01-26T06:29:43Z,2021-01-26T06:31:37Z
,,,,,G Singh,@Shaurya Joshi live videos mein dekh.. Kaisey bhag rahe hain ghay kaa muutar piney wale punjabiyo se samney..,2021-01-26T07:09:02Z,2021-01-26T07:09:02Z
,,,,,Choudhary Seher Alam,üòÇüòÇüòÇüòÇ,2021-01-26T08:59:35Z,2021-01-26T08:59:35Z
,,,,,Anand Babu,What starting... üí©,2021-01-26T09:29:26Z,2021-01-26T09:29:26Z
,,,,,Karan Sharma,@Raja ji ü§£ü§£ü§£,2021-01-26T23:06:18Z,2021-01-26T23:06:18Z
,,,,,Karan Sharma,"@G Singh it&#39;s Jai Jawaan, Jai Kisaan.. Yeh Punjab kahaan se aagaya?",2021-01-26T23:07:52Z,2021-01-26T23:07:52Z
,,,,,Karan Sharma,"@G Singh America aur Canada mein toh tumhaara mazaak udaaya jaata hai, tumhaari turban ki koi auqaat nahiin hai wahaan. Main Canada mein rehta hoon, mera toilet ek sikh punjabi clean karta hai ü§£ü§£",2021-01-26T23:10:32Z,2021-01-26T23:10:32Z
Nishant,"Is time toh agar kisaan kisi police wale ko mar bhi de tb bhi ye log uski bhadai krenge. They said that only 4-5 people are allowed on one tractor, according to kisan union and look at the condition of hoax.",2021-01-26T03:40:51Z,7,5,,,,
,,,,,kareem khan,IT CELL KE DALAL DOING OVERTIME OF DALALI. DELHI POLICE = GUNDAS WE SAW IN DELHI RIOTS ALREADY,2021-01-26T04:06:08Z,2021-01-26T04:06:08Z
,,,,,Nishant,@kareem khan aree nikal sachai aajkl dalali lgti h tm logo ko.. koi dikkat ni h. Or waise bhi protocol pdhe likhe logo ko hi samajh aata h,2021-01-26T04:09:55Z,2021-01-26T04:09:55Z
,,,,,Deepak Attiwal,"Xavier babu , that would be wrong , but who will be held for death of 60 farmers",2021-01-26T04:19:48Z,2021-01-26T04:19:48Z
,,,,,Jatin Final58,@Deepak Attiwal did anyone force them to stay there? Was food or medicine denied? We&#39;re they shot? NO. GUESS WHO?,2021-01-26T06:03:15Z,2021-01-26T06:03:15Z
,,,,,Deepak Attiwal,"@Jatin Final58 the government forced them,  the could have taken back the law",2021-01-26T11:19:18Z,2021-01-26T11:19:18Z
Nishant,Ye toh hona hi thaüòÇ abhi toh or hoga dekhna,2021-01-26T03:39:30Z,2,0,,,,
‡§ï‡§≤‡§Æ ‡§ï‡•Ä ‡§ö‡•Ä‡§§‡•ç‡§ï‡§æ‡§∞,"‡§á‡§§‡§ø‡§π‡§æ‡§∏‡•ã‡§Ç ‡§Æ‡•á‡§Ç ‡§® ‡§ú‡§æ‡§®‡•á ‡§ï‡§ø‡§§‡§®‡•á ‡§™‡§®‡•ç‡§®‡•á ‡§¶‡§∞‡•ç‡§ú‡§º ‡§π‡•à‡§Ç, ‡§π‡§Æ‡§æ‡§∞‡•á ‡§ï‡§æ‡§∞‡§®‡§æ‡§Æ‡•ã‡§Ç ‡§ï‡•á‡•§<br>‡§ï‡§ø‡§§‡§®‡•Ä ‡§ï‡•Å‡§∞‡•ç‡§¨‡§æ‡§®‡§ø‡§Ø‡§æ‡§Å ‡§¶‡•Ä ‡§π‡§Æ‡§®‡•á ‡§î‡§∞ ‡§ï‡§ø‡§§‡§®‡•á ‡§¨‡§≤‡§ø‡§¶‡§æ‡§® ‡§¶‡§ø‡§è ‡§á‡§∏ ‡§¶‡•á‡§∂ ‡§ï‡•á ‡§ú‡§µ‡§æ‡§®‡•ã‡§Ç ‡§®‡•á‡•§<br>‡§á‡§§‡§®‡•Ä ‡§Ü‡§∏‡§æ‡§®‡•Ä ‡§∏‡•á ‡§®‡§π‡•Ä‡§Ç ‡§Æ‡§ø‡§≤‡•Ä ‡§•‡•Ä ‡§π‡§Æ ‡§∏‡§¨‡§ï‡•ã ‡§ó‡•ã‡§∞‡•ã‡§Ç ‡§ï‡§æ‡§≤‡•ã‡§Ç ‡§∏‡•á ‡§Ø‡•á ‡§Ü‡§ú‡§º‡§æ‡§¶‡•Ä,<br>‡§ï‡§ø‡§§‡§®‡•Ä ‡§Æ‡§æ‡§§‡§æ‡§è‡§Å ‡§Ö‡§®‡§æ‡§• ‡§π‡•Å‡§à ‡§î‡§∞ ‡§ï‡§ø‡§§‡§®‡•á ‡§¨‡§π‡§®‡•ã‡§Ç ‡§ï‡•á ‡§∏‡§ø‡§®‡•ç‡§¶‡•Ç‡§∞ ‡§Æ‡§ø‡§ü ‡§ó‡§è ‡§Æ‡§æ‡§Å‡§ó‡•ã‡§Ç ‡§ï‡•á‡•§‡•§<br>‡§ï‡•É‡§™‡§Ø‡§æ ‡§Æ‡•Å‡§ù‡•á ‡§∏‡§¨‡•ç‡§∏‡§ï‡•ç‡§∞‡§æ‡§á‡§¨ ‡§ï‡§∞‡•á‡§Ç ‡§§‡§æ‡§ï‡§ø ‡§Æ‡•à‡§Ç ‡§Ö‡§™‡§®‡•Ä ‡§¨‡§æ‡§§‡•á‡§Ç ‡§ï‡§µ‡§ø‡§§‡§æ‡§ì‡§Ç ‡§ï‡•á ‡§Æ‡§æ‡§ß‡•ç‡§Ø‡§Æ ‡§∏‡•á ‡§∞‡§ñ ‡§∏‡§ï‡•Ç‡§Ç üôèüôè",2021-01-26T03:34:15Z,4,0,,,,
Computing World,Jai kisan,2021-01-26T03:33:41Z,26,2,,,,
,,,,,refaze,"Congress and Pak-supported terrorists in the guise of farmers were behind the incident of storming into Red Fort in New Delhi,Unable to bear the good governance of Narendra Modi, Congress is desperate and hence supporting the protestors",2021-01-26T14:12:14Z,2021-01-26T14:12:14Z
,,,,,rashi kapoor,@refaze exactly psuedo farmers who are actually terrorists probably funded by you know which family,2021-01-26T15:38:34Z,2021-01-26T15:38:34Z
∆±KISAN LIVES MATTER BOYCOTT BHAGODA JAICHAND PARTY∆±,KISAN TANTRA TRACTOR RALLY ZINDABAD<br>AMBADANI KE D-LL* MURDABAD,2021-01-26T03:33:33Z,33,0,,,,
Srijani Chakraborty,Jai jawan jai kisan üôèüèª,2021-01-26T03:32:19Z,13,3,,,,
,,,,,P B,Long live farmers,2021-01-26T04:03:14Z,2021-01-26T04:03:14Z
,,,,,Vel Murugan,JAI JISAN,2021-01-26T04:06:14Z,2021-01-26T04:06:14Z
,,,,,refaze,"Congress and Pak-supported terrorists in the guise of farmers were behind the incident of storming into Red Fort in New Delhi,Unable to bear the good governance of Narendra Modi, Congress is desperate and hence supporting the protestors",2021-01-26T14:16:40Z,2021-01-26T14:16:40Z
∆±KISAN LIVES MATTER BOYCOTT BHAGODA JAICHAND PARTY∆±,INQUELAB ZINDABAD<br>KISAN ZINDABAD<br>AMBADANI KE D-LL* MURDABAD,2021-01-26T03:31:44Z,13,11,,,,
,,,,,AMIT,"Jio ki wajah se hi tu ye likh pa rha hai, mat bhul, oh tum to muftkhor, aur haramkhor ho",2021-01-26T04:14:42Z,2021-01-26T04:14:42Z
,,,,,∆±KISAN LIVES MATTER BOYCOTT BHAGODA JAICHAND PARTY∆±,@AMIT &quot;BS T RD&quot; YT U R LETTING D ABUSERS GET AWAT WITH THEIR ABUSE BUT DON&#39;T HAVE D SPINE TO PUBLSH MY REPLY. SUCH A PZZZY,2021-01-26T05:07:42Z,2021-01-26T05:07:42Z
,,,,,∆±KISAN LIVES MATTER BOYCOTT BHAGODA JAICHAND PARTY∆±,"@AMIT SUNBE HA + AMZ + ADE  ,  JIO KI MKC AMBADANI KI MKC, KHAZPA D*LL* KE MKC.",2021-01-26T05:12:49Z,2021-01-26T05:12:49Z
,,,,,Thanveer T,"Inquelab zindabad communist party of India zindabad ,jai kisan,jai Jawaan, jai hindustan ‚úä‚úä‚úä",2021-01-26T05:28:22Z,2021-01-26T05:28:22Z
,,,,,∆±KISAN LIVES MATTER BOYCOTT BHAGODA JAICHAND PARTY∆±,"@Thanveer T INQUELAB ZINDABAD<br>KISAN ZINDABAD<br>AMBADANI KE D-LL* MURDABAD",2021-01-26T05:29:26Z,2021-01-26T05:29:26Z
,,,,,Jatin Final58,@Thanveer T bane of this country.,2021-01-26T05:56:42Z,2021-01-26T05:56:42Z
,,,,,KISHAN ZINDABAD FEKU DALLE MURDABAD,@Shaurya Joshi I already have since 2010 &amp; yet surviving not just me &amp; but all in my family &amp; relatives.<br>AMBADANI KE D-LL* MURDABAD<br><br>@@UCsAG-U3R0wFZ3UbNbgSbYHA¬†INQUELAB ZINDABAD KISAN ZINDABAD<br>AMBADANI KE D-LL* MURDABAD,2021-01-26T06:02:11Z,2021-01-26T06:05:24Z
,,,,,KISHAN ZINDABAD FEKU DALLE MURDABAD,"@Shaurya Joshi BTW social media is expected to be flooded as assembly elections are fast approaching. So nothing surprising from one such BHAGODA JAMAYO PARTY IT KULY<br><br>Stats<br>Joined Jan 11, 2021",2021-01-26T06:19:53Z,2021-01-26T06:19:53Z
,,,,,Thanveer T,@Shaurya Joshi aapaka party double murdabad (congi +sangi) spotted,2021-01-26T06:36:47Z,2021-01-26T06:36:47Z
,,,,,Blender,@AMIT tu eak broken condom ki vjeh se likh paa rha h beta,2021-01-26T06:38:40Z,2021-01-26T06:38:40Z
,,,,,∆±KISAN LIVES MATTER BOYCOTT BHAGODA JAICHAND PARTY∆±,"@Shaurya Joshi FYI not just me but my entire family &amp; their relatives have already quit AMBADANI products since AB VAJPAYI&#39;s regime when dat D*LL* MAHAJAN favoured d AMBNI GROUP instead of BSNL.<br>DO I NEED 2 REMIND U OF D COMMENT OF A BHAGODA JAMAYO PARTY member about d BSNL employees in d recent past???????<br><br><br>A profile created on Jan 11, 2021 UR EFFORTS 2 GLORIFY D CURRENT DISPENSATION  IS WELL UNDERSTANDABLE . <br>AS ANOTHER COMMENTER HAS MENTIONED, SOCIAL MEDIA WILL BE SWARMED WITH TRMTZ f d RSS &amp; BHAGODA JAMAYO PARTY....",2021-01-26T08:04:40Z,2021-01-26T08:04:40Z
FAT view,BJP is a useless party,2021-01-26T03:29:15Z,0,0,,,,
Shivayoga World,Vande Mataram.,2021-01-26T03:27:56Z,21,0,,,,
Kiran Kumar,All non sence congress politician,2021-01-26T03:26:53Z,1,0,,,,